timestamp,market_ticker,event_ticker,sport,side,strategy,entry_price,exit_price,peak_price,contracts,entry_fee,exit_fee,pnl_gross,pnl_net,win,exit_reason,age_seconds,price_range,is_bot
2026-03-16T22:24:47.059531+00:00,KXWTAMATCH-26MAR15INGSTA-ING,KXWTAMATCH-26MAR15INGSTA,TennisMATCH,yes,exit_stale_underdog,40,36,40,3,0.02,0.02,-0.12,-0.16,0,"Stale exit: 392s open, only 4c move",394,35-44,1
2026-03-16T22:26:09.080162+00:00,KXWTAMATCH-26MAR15STEPAR-STE,KXWTAMATCH-26MAR15STEPAR,TennisMATCH,yes,exit_stale_underdog,33,35,33,3,0.02,0.02,0.06,0.02,1,"Stale exit: 309s open, only 2c move",309,25-34,1
2026-03-16T22:27:33.483340+00:00,KXATPMATCH-26MAR16BELJAR-JAR,KXATPMATCH-26MAR16BELJAR,TennisMATCH,yes,exit_stale_underdog,36,34,36,3,0.02,0.02,-0.06,-0.1,0,"Stale exit: 310s open, only 2c move",310,35-44,1
2026-03-16T22:27:36.329839+00:00,KXWTAMATCH-26MAR15DOLBAR-DOL,KXWTAMATCH-26MAR15DOLBAR,TennisMATCH,yes,exit_sl_underdog,34,22,34,3,0.02,0.01,-0.36,-0.39,0,Stop loss: 22c <= 34c -35%,395,25-34,1
2026-03-16T22:30:21.614092+00:00,KXWTAMATCH-26MAR15SEISTA-STA,KXWTAMATCH-26MAR15SEISTA,TennisMATCH,yes,exit_sl_underdog,36,12,36,3,0.02,0.01,-0.72,-0.75,0,Stop loss: 12c <= 36c -35%,335,35-44,1
2026-03-16T22:33:05.410598+00:00,KXWTAMATCH-26MAR15STEPAR-STE,KXWTAMATCH-26MAR15STEPAR,TennisMATCH,yes,exit_stale_underdog,37,37,37,3,0.02,0.02,0.0,-0.04,0,"Stale exit: 331s open, only 0c move",330,35-44,1
2026-03-16T22:36:15.510157+00:00,KXATPMATCH-26MAR16GARDRA-DRA,KXATPMATCH-26MAR16GARDRA,TennisMATCH,no,exit_sl_value_fade,6,1,6,20,0.02,0.01,-1.0,-1.03,0,Stop loss: 1c <= 6c -35%,522,5-14,1
2026-03-16T22:36:16.274413+00:00,KXATPMATCH-26MAR16BELJAR-JAR,KXATPMATCH-26MAR16BELJAR,TennisMATCH,yes,exit_stale_underdog,36,34,36,3,0.02,0.02,-0.06,-0.1,0,"Stale exit: 437s open, only 2c move",438,35-44,1
2026-03-16T22:41:23.085774+00:00,KXWTAMATCH-26MAR15GOLFRO-FRO,KXWTAMATCH-26MAR15GOLFRO,TennisMATCH,yes,exit_tp_underdog,33,47,33,9,0.02,0.04,1.26,1.2,1,Take profit: 47c >= 33c +30%,496,25-34,1
2026-03-16T22:42:45.976920+00:00,KXATPMATCH-26MAR16BELJAR-JAR,KXATPMATCH-26MAR16BELJAR,TennisMATCH,yes,exit_stale_underdog,36,34,36,3,0.02,0.02,-0.06,-0.1,0,"Stale exit: 307s open, only 2c move",307,35-44,1
2026-03-16T22:45:19.505239+00:00,KXWTAMATCH-26MAR15STEPAR-STE,KXWTAMATCH-26MAR15STEPAR,TennisMATCH,yes,exit_sl_underdog,34,20,34,3,0.02,0.01,-0.42,-0.45,0,Stop loss: 20c <= 34c -35%,152,25-34,1
2026-03-16T22:45:21.163210+00:00,KXWTAMATCH-26MAR15RADKRA-RAD,KXWTAMATCH-26MAR15RADKRA,TennisMATCH,yes,exit_tp_underdog,31,48,31,4,0.02,0.02,0.68,0.64,1,Take profit: 48c >= 31c +30%,238,25-34,1
2026-03-16T22:46:41.998410+00:00,KXWTAMATCH-26MAR15GOLFRO-GOL,KXWTAMATCH-26MAR15GOLFRO,TennisMATCH,yes,exit_tp_manual,39,63,39,3,0.05,0.02,0.72,0.65,1,Take profit: 63c >= 39c +30%,1708,35-44,0
2026-03-16T22:48:01.754183+00:00,KXATPMATCH-26MAR16MIGBON-BON,KXATPMATCH-26MAR16MIGBON,TennisMATCH,no,exit_sl_value_fade,6,3,6,20,0.02,0.02,-0.6,-0.64,0,Stop loss: 3c <= 6c -35%,2372,5-14,1
2026-03-16T22:50:42.035438+00:00,KXATPMATCH-26MAR16BELJAR-JAR,KXATPMATCH-26MAR16BELJAR,TennisMATCH,yes,exit_stale_underdog,36,34,36,3,0.02,0.02,-0.06,-0.1,0,"Stale exit: 323s open, only 2c move",323,35-44,1
2026-03-16T22:52:02.264283+00:00,KXWTAMATCH-26MAR15SEISTA-STA,KXWTAMATCH-26MAR15SEISTA,TennisMATCH,yes,exit_stale_underdog,35,33,35,3,0.02,0.02,-0.06,-0.1,0,"Stale exit: 401s open, only 2c move",401,35-44,1
2026-03-16T22:53:21.861403+00:00,KXATPMATCH-26MAR16TIRDED-TIR,KXATPMATCH-26MAR16TIRDED,TennisMATCH,no,exit_tp_value_fade,7,10,7,18,0.03,0.03,0.54,0.48,1,Take profit: 10c >= 7c +30%,1716,5-14,1
2026-03-16T22:53:22.769488+00:00,KXWTAMATCH-26MAR15STEPAR-STE,KXWTAMATCH-26MAR15STEPAR,TennisMATCH,yes,exit_sl_underdog,37,24,37,3,0.02,0.01,-0.39,-0.42,0,Stop loss: 24c <= 37c -35%,320,35-44,1
2026-03-16T22:53:24.446258+00:00,KXWTAMATCH-26MAR15GOLFRO-FRO,KXWTAMATCH-26MAR15GOLFRO,TennisMATCH,yes,exit_sl_underdog,37,23,37,3,0.02,0.01,-0.42,-0.45,0,Stop loss: 23c <= 37c -35%,482,35-44,1
2026-03-16T22:54:43.779502+00:00,KXWTAMATCH-26MAR15RADKRA-RAD,KXWTAMATCH-26MAR15RADKRA,TennisMATCH,yes,exit_sl_underdog,41,26,41,3,0.02,0.02,-0.45,-0.49,0,Stop loss: 26c <= 41c -35%,321,35-44,1
2026-03-16T23:01:08.468153+00:00,KXWTAMATCH-26MAR15SEISTA-STA,KXWTAMATCH-26MAR15SEISTA,,yes,watcher_underdog,32,10,32,4,0.02,0.01,-0.88,-0.91,0,Stop loss: 10c <= 22c (entry=32c),464,25-34,1
2026-03-16T23:01:08.735077+00:00,KXWTAMATCH-26MAR15GOLFRO-FRO,KXWTAMATCH-26MAR15GOLFRO,,yes,watcher_underdog,32,13,32,4,0.02,0.01,-0.76,-0.79,0,Stop loss: 13c <= 22c (entry=32c),305,25-34,1
2026-03-16T23:02:23.270653+00:00,KXATPMATCH-26MAR16BELJAR-JAR,KXATPMATCH-26MAR16BELJAR,TennisMATCH,yes,exit_stale_underdog,36,34,36,3,0.02,0.02,-0.06,-0.1,0,"Stale exit: 621s open, only 2c move",621,35-44,1
2026-03-16T23:02:55.402065+00:00,KXATPMATCH-26MAR16TIRDED-TIR,KXATPMATCH-26MAR16TIRDED,,no,watcher_value_fade,5,2,5,20,0.02,0.01,-0.6,-0.63,0,Stop loss: 2c <= 3c (entry=5c),32,5-14,1
2026-03-16T23:03:06.092126+00:00,KXATPMATCH-26MAR16MIGBON-BON,KXATPMATCH-26MAR16MIGBON,,no,watcher_value_fade,5,3,5,20,0.02,0.02,-0.4,-0.44,0,Stop loss: 3c <= 3c (entry=5c),43,5-14,1
2026-03-16T23:21:09.242958+00:00,KXWTAMATCH-26MAR15RADKRA-RAD,KXWTAMATCH-26MAR15RADKRA,,yes,watcher_underdog,31,19,36,4,0.02,0.02,-0.48,-0.52,0,Stop loss: 19c <= 21c (entry=31c),1067,25-34,1
2026-03-16T23:21:23.457628+00:00,KXATPMATCH-26MAR16BELJAR-JAR,KXATPMATCH-26MAR16BELJAR,TennisMATCH,yes,exit_stale_underdog,35,34,35,3,0.02,0.02,-0.03,-0.07,0,"Stale exit: 1082s open, only 1c move",1082,35-44,1
2026-03-16T23:21:24.351274+00:00,KXWTAMATCH-26MAR15INGSTA-ING,KXWTAMATCH-26MAR15INGSTA,TennisMATCH,yes,exit_stale_underdog,38,35,38,3,0.02,0.02,-0.09,-0.13,0,"Stale exit: 922s open, only 3c move",923,35-44,1
2026-03-16T23:24:37.597331+00:00,KXWTAMATCH-26MAR15STEPAR-STE,KXWTAMATCH-26MAR15STEPAR,,yes,watcher_underdog,35,23,39,3,0.02,0.01,-0.36,-0.39,0,Stop loss: 23c <= 24c (entry=35c),1275,35-44,1
2026-03-16T23:25:12.900578+00:00,KXATPMATCH-26MAR16MIGBON-BON,KXATPMATCH-26MAR16MIGBON,,no,watcher_value_fade,5,3,5,20,0.02,0.02,-0.4,-0.44,0,Stop loss: 3c <= 3c (entry=5c),3,5-14,1
2026-03-16T23:31:01.775406+00:00,KXATPMATCH-26MAR16BELJAR-JAR,KXATPMATCH-26MAR16BELJAR,TennisMATCH,yes,exit_stale_underdog,35,34,35,3,0.02,0.02,-0.03,-0.07,0,"Stale exit: 352s open, only 1c move",352,35-44,1
2026-03-16T23:38:13.524922+00:00,KXWTAMATCH-26MAR15JUVSTO-STO,KXWTAMATCH-26MAR15JUVSTO,,yes,watcher_underdog,34,13,36,3,0.02,0.01,-0.63,-0.66,0,Stop loss: 13c <= 23c (entry=34c),430,25-34,1
2026-03-16T23:38:13.831678+00:00,KXWTAMATCH-26MAR15STEPAR-STE,KXWTAMATCH-26MAR15STEPAR,,yes,watcher_manual,36,4,38,3,0.51,0.01,-0.96,-1.48,0,Stop loss: 4c <= 25c (entry=36c),5383,35-44,0
2026-03-16T23:38:14.320390+00:00,KXATPMATCH-26MAR16MIGBON-BON,KXATPMATCH-26MAR16MIGBON,,no,watcher_value_fade,5,3,5,20,0.02,0.02,-0.4,-0.44,0,Stop loss: 3c <= 3c (entry=5c),282,5-14,1
2026-03-16T23:38:44.510039+00:00,KXATPMATCH-26MAR16BELJAR-JAR,KXATPMATCH-26MAR16BELJAR,TennisMATCH,yes,exit_stale_underdog,35,33,35,3,0.02,0.02,-0.06,-0.1,0,"Stale exit: 412s open, only 2c move",412,35-44,1
2026-03-16T23:39:46.842186+00:00,KXATPMATCH-26MAR16MIGBON-BON,KXATPMATCH-26MAR16MIGBON,,no,watcher_value_fade,5,3,5,20,0.02,0.02,-0.4,-0.44,0,Stop loss: 3c <= 3c (entry=5c),11,5-14,1
2026-03-16T23:42:11.974075+00:00,KXWTAMATCH-26MAR15RADKRA-KRA,KXWTAMATCH-26MAR15RADKRA,,no,watcher_value_fade,7,4,7,18,0.03,0.02,-0.54,-0.59,0,Stop loss: 4c <= 4c (entry=7c),7,5-14,1
2026-03-16T23:53:49.641031+00:00,KXATPMATCH-26MAR16MERSVR-MER,KXATPMATCH-26MAR16MERSVR,TennisMATCH,yes,exit_stale_underdog,39,37,42,3,0.02,0.02,-0.06,-0.1,0,"Stale exit: 705s open, only 2c move",706,35-44,1
2026-03-16T23:53:51.552976+00:00,KXATPMATCH-26MAR16BELJAR-JAR,KXATPMATCH-26MAR16BELJAR,TennisMATCH,yes,exit_stale_underdog,35,34,35,3,0.02,0.02,-0.03,-0.07,0,"Stale exit: 853s open, only 1c move",855,35-44,1
2026-03-16T23:53:51.864782+00:00,KXATPMATCH-26MAR16JODDHA-JOD,KXATPMATCH-26MAR16JODDHA,,no,watcher_value_fade,5,3,5,20,0.02,0.02,-0.4,-0.44,0,Stop loss: 3c <= 3c (entry=5c),1,5-14,1
2026-03-16T23:53:52.509351+00:00,KXWTAMATCH-26MAR15INGSTA-STA,KXWTAMATCH-26MAR15INGSTA,TennisMATCH,yes,exit_stale_underdog,37,35,37,3,0.02,0.02,-0.06,-0.1,0,"Stale exit: 703s open, only 2c move",707,35-44,1
2026-03-16T23:54:13.040230+00:00,KXATPMATCH-26MAR16MIGBON-BON,KXATPMATCH-26MAR16MIGBON,,no,watcher_value_fade,5,3,5,20,0.02,0.02,-0.4,-0.44,0,Stop loss: 3c <= 3c (entry=5c),24,5-14,1
2026-03-16T23:56:21.721294+00:00,KXWTAMATCH-26MAR15STEPAR-STE,KXWTAMATCH-26MAR15STEPAR,TennisMATCH,yes,exit_stale_underdog,31,31,31,4,0.02,0.02,0.0,-0.04,0,"Stale exit: 708s open, only 0c move",708,25-34,1
2026-03-16T23:57:04.261813+00:00,KXWTAMATCH-26MAR15STEPAR-STE,KXWTAMATCH-26MAR15STEPAR,,yes,watcher_manual,31,21,31,4,0.51,0.02,-0.4,-0.93,0,Stop loss: 21c <= 21c (entry=31c),5756,25-34,0
2026-03-16T23:58:33.936937+00:00,KXATPMATCH-26MAR16MERSVR-MER,KXATPMATCH-26MAR16MERSVR,,yes,watcher_underdog,33,23,33,3,0.02,0.01,-0.3,-0.33,0,Stop loss: 23c <= 23c (entry=33c),181,25-34,1
2026-03-16T23:59:24.308823+00:00,KXATPMATCH-26MAR16MERSVR-MER,KXATPMATCH-26MAR16MERSVR,,yes,watcher_manual,33,18,33,3,0.09,0.01,-0.45,-0.55,0,Stop loss: 18c <= 23c (entry=33c),1041,25-34,0
2026-03-17T00:06:37.920049+00:00,KXWTAMATCH-26MAR15DOLBAR-BAR,KXWTAMATCH-26MAR15DOLBAR,,no,watcher_value_fade,5,3,5,20,0.02,0.02,-0.4,-0.44,0,Stop loss: 3c <= 3c (entry=5c),5,5-14,1
2026-03-17T00:07:25.168119+00:00,KXATPMATCH-26MAR16JODDHA-JOD,KXATPMATCH-26MAR16JODDHA,,no,watcher_value_fade,6,3,6,20,0.02,0.02,-0.6,-0.64,0,Stop loss: 3c <= 4c (entry=6c),2,5-14,1
2026-03-17T00:13:22.495375+00:00,KXWTAMATCH-26MAR15JUVSTO-STO,KXWTAMATCH-26MAR15JUVSTO,,yes,watcher_underdog,34,20,38,3,0.02,0.01,-0.42,-0.45,0,Stop loss: 20c <= 23c (entry=34c),309,25-34,1
2026-03-17T00:18:01.369312+00:00,KXATPMATCH-26MAR16BELJAR-JAR,KXATPMATCH-26MAR16BELJAR,TennisMATCH,yes,exit_stale_underdog,35,34,35,3,0.02,0.02,-0.03,-0.07,0,"Stale exit: 637s open, only 1c move",638,35-44,1
2026-03-17T00:19:49.045238+00:00,KXATPMATCH-26MAR16JODDHA-JOD,KXATPMATCH-26MAR16JODDHA,,no,watcher_value_fade,6,4,6,20,0.02,0.02,-0.4,-0.44,0,Stop loss: 4c <= 4c (entry=6c),108,5-14,1
2026-03-17T00:21:13.640384+00:00,KXATPMATCH-26MAR16MIGBON-BON,KXATPMATCH-26MAR16MIGBON,,no,watcher_manual,93,6,93,18,0.78,0.02,-15.66,-16.46,0,Stop loss: 6c <= 65c (entry=93c),7964,85-94,0
2026-03-17T00:21:29.118329+00:00,KXATPMATCH-26MAR16SWEHIJ-SWE,KXATPMATCH-26MAR16SWEHIJ,TennisMATCH,yes,exit_tp_underdog,31,51,51,4,0.02,0.02,0.8,0.76,1,Take profit: 51c >= 31c +30%,698,25-34,1
2026-03-17T00:22:21.346152+00:00,KXNBATOTAL-26MAR16PHXBOS-199,KXNBATOTAL-26MAR16PHXBOS,NBATOTAL,no,exit_sl_watcher_value_fade,4,2,4,20,0.02,0.01,-0.4,-0.43,0,Stop loss: 2c <= 4c -35%,22,other,1
2026-03-17T00:22:22.344013+00:00,KXNBATOTAL-26MAR16GSWWAS-216,KXNBATOTAL-26MAR16GSWWAS,NBATOTAL,no,exit_sl_watcher_value_fade,2,1,2,20,0.01,0.01,-0.2,-0.22,0,Stop loss: 1c <= 2c -35%,19,other,1
2026-03-17T00:26:41.920489+00:00,KXNBATOTAL-26MAR16PHXBOS-199,KXNBATOTAL-26MAR16PHXBOS,NBATOTAL,no,exit_sl_watcher_value_fade,5,3,5,20,0.02,0.02,-0.4,-0.44,0,Stop loss: 3c <= 5c -35%,29,5-14,1
2026-03-17T00:26:42.779291+00:00,KXNBATOTAL-26MAR16GSWWAS-216,KXNBATOTAL-26MAR16GSWWAS,NBATOTAL,no,exit_sl_watcher_value_fade,3,1,3,20,0.02,0.01,-0.4,-0.43,0,Stop loss: 1c <= 3c -35%,26,other,1
2026-03-17T00:27:34.982151+00:00,KXNBAGAME-26MAR16PORBKN-POR,KXNBAGAME-26MAR16PORBKN,NBAGAME,no,exit_sl_watcher_value_fade,5,3,5,20,0.02,0.02,-0.4,-0.44,0,Stop loss: 3c <= 5c -35%,359,5-14,1
2026-03-17T00:29:17.735240+00:00,KXWTAMATCH-26MAR15INGSTA-ING,KXWTAMATCH-26MAR15INGSTA,,yes,watcher_underdog,30,19,30,4,0.02,0.02,-0.44,-0.48,0,Stop loss: 19c <= 21c (entry=30c),50,25-34,1
2026-03-17T00:30:41.985034+00:00,KXATPMATCH-26MAR16JODDHA-JOD,KXATPMATCH-26MAR16JODDHA,,no,watcher_value_fade,5,3,5,20,0.02,0.02,-0.4,-0.44,0,Stop loss: 3c <= 3c (entry=5c),81,5-14,1
2026-03-17T00:30:59.331082+00:00,KXNBATOTAL-26MAR16PHXBOS-199,KXNBATOTAL-26MAR16PHXBOS,,no,watcher_manual,95,1,95,20,0.27,0.01,-18.8,-19.08,0,Stop loss: 1c <= 66c (entry=95c),540,95-104,0
2026-03-17T00:30:59.609628+00:00,KXNBATOTAL-26MAR16GSWWAS-216,KXNBATOTAL-26MAR16GSWWAS,,no,watcher_manual,97,1,97,20,0.17,0.01,-19.2,-19.38,0,Stop loss: 1c <= 67c (entry=97c),536,95-104,0
2026-03-17T00:30:59.964674+00:00,KXNBA1HTOTAL-26MAR16ORLATL-113,KXNBA1HTOTAL-26MAR16ORLATL,,no,watcher_manual,99,1,99,20,0.02,0.01,-19.6,-19.63,0,Stop loss: 1c <= 69c (entry=99c),497,95-104,0
2026-03-17T00:31:00.241718+00:00,KXNBA1HTOTAL-26MAR16ORLATL-116,KXNBA1HTOTAL-26MAR16ORLATL,,no,watcher_manual,99,1,99,20,0.02,0.01,-19.6,-19.63,0,Stop loss: 1c <= 69c (entry=99c),497,95-104,0
2026-03-17T00:31:00.522638+00:00,KXNBA1HTOTAL-26MAR16GSWWAS-116,KXNBA1HTOTAL-26MAR16GSWWAS,,no,watcher_manual,99,1,99,20,0.02,0.01,-19.6,-19.63,0,Stop loss: 1c <= 69c (entry=99c),496,95-104,0
2026-03-17T00:31:00.814584+00:00,KXNBA3PT-26MAR16GSWWAS-WASTYOUNG3-3,KXNBA3PT-26MAR16GSWWAS-WASTYOUNG3,,no,watcher_manual,99,1,99,20,0.02,0.01,-19.6,-19.63,0,Stop loss: 1c <= 69c (entry=99c),371,95-104,0
2026-03-17T00:33:56.147182+00:00,KXNBAGAME-26MAR16PORBKN-POR,KXNBAGAME-26MAR16PORBKN,NBAGAME,no,exit_sl_watcher_value_fade,4,2,4,20,0.02,0.01,-0.4,-0.43,0,Stop loss: 2c <= 4c -35%,271,other,1
2026-03-17T00:45:17.143919+00:00,KXWTAMATCH-26MAR15JUVSTO-STO,KXWTAMATCH-26MAR15JUVSTO,,yes,watcher_underdog,34,82,82,3,0.02,0.01,1.44,1.41,1,"Rocket exit: jumped +56c this cycle, profit=$1.41",1219,25-34,1
2026-03-17T00:45:17.424983+00:00,KXATPMATCH-26MAR16SWEHIJ-SWE,KXATPMATCH-26MAR16SWEHIJ,,yes,watcher_underdog,28,12,28,4,0.02,0.01,-0.64,-0.67,0,Stop loss: 12c <= 19c (entry=28c),958,25-34,1
2026-03-17T00:55:15.043278+00:00,KXNBAGAME-26MAR16PORBKN-POR,KXNBAGAME-26MAR16PORBKN,,no,watcher_watcher_value_fade,2,1,2,20,0.01,0.01,-0.2,-0.22,0,Stop loss: 1c <= 1c (entry=2c),551,other,1
2026-03-17T00:55:15.325689+00:00,KXNBAGAME-26MAR16ORLATL-ATL,KXNBAGAME-26MAR16ORLATL,,no,watcher_watcher_value_fade,2,1,2,20,0.01,0.01,-0.2,-0.22,0,Stop loss: 1c <= 1c (entry=2c),551,other,1
2026-03-17T01:40:04.187916+00:00,KXNBASPREAD-26MAR16ORLATL-ATL3,KXNBASPREAD-26MAR16ORLATL,,no,watcher_watcher_value_fade,2,1,2,20,0.01,0.01,-0.2,-0.22,0,Stop loss: 1c <= 1c (entry=2c),2402,other,1
2026-03-17T01:40:14.884955+00:00,KXNBASPREAD-26MAR16PORBKN-POR6,KXNBASPREAD-26MAR16PORBKN,,no,watcher_manual,96,5,96,20,0.02,0.02,-18.2,-18.24,0,Stop loss: 5c <= 67c (entry=96c),1682,95-104,0
2026-03-17T01:49:52.076333+00:00,KXNBASPREAD-26MAR16PORBKN-POR6,KXNBASPREAD-26MAR16PORBKN,,no,watcher_manual,97,2,97,20,0.11,0.01,-19.0,-19.12,0,Stop loss: 2c <= 67c (entry=97c),2260,95-104,0
2026-03-17T02:00:51.821142+00:00,KXATPMATCH-26MAR16CASMAE-MAE,KXATPMATCH-26MAR16CASMAE,,yes,watcher_manual,24,10,24,19,0.25,0.03,-2.66,-2.94,0,Stop loss: 10c <= 16c (entry=24c),412,15-24,0
2026-03-17T02:05:21.327239+00:00,KXNBAGAME-26MAR16DALNOP-NOP,KXNBAGAME-26MAR16DALNOP,,no,watcher_watcher_value_fade,2,1,2,20,0.01,0.01,-0.2,-0.22,0,Stop loss: 1c <= 1c (entry=2c),243,other,1
2026-03-17T02:11:32.866046+00:00,KXATPMATCH-26MAR16MERSVR-SVR,KXATPMATCH-26MAR16MERSVR,,yes,watcher_tennis_underdog,32,1,55,4,0.02,0.01,-1.24,-1.27,0,Stop loss: 1c <= 22c (entry=32c),288,25-34,1
2026-03-17T02:11:45.587795+00:00,KXATPMATCH-26MAR16MERSVR-SVR,KXATPMATCH-26MAR16MERSVR,,yes,watcher_manual,32,1,32,4,1.1,0.01,-1.24,-2.35,0,Stop loss: 1c <= 22c (entry=32c),1209,25-34,0
2026-03-17T02:11:46.278002+00:00,KXNBASPREAD-26MAR16DALNOP-NOP5,KXNBASPREAD-26MAR16DALNOP,,no,watcher_manual,96,1,96,20,0.02,0.01,-19.0,-19.03,0,Stop loss: 1c <= 67c (entry=96c),150,95-104,0
2026-03-17T02:11:46.556686+00:00,KXNBASPREAD-26MAR16MEMCHI-CHI4,KXNBASPREAD-26MAR16MEMCHI,,no,watcher_manual,97,1,97,20,0.02,0.01,-19.2,-19.23,0,Stop loss: 1c <= 67c (entry=97c),94,95-104,0
2026-03-17T02:12:52.088728+00:00,KXNBASPREAD-26MAR16MEMCHI-CHI7,KXNBASPREAD-26MAR16MEMCHI,,no,watcher_watcher_value_fade,3,1,3,40,0.02,0.01,-0.8,-0.83,0,Stop loss: 1c <= 2c (entry=3c),31,other,1
2026-03-17T02:12:52.357332+00:00,KXNBASPREAD-26MAR16DALNOP-NOP8,KXNBASPREAD-26MAR16DALNOP,,no,watcher_watcher_value_fade,2,1,2,20,0.01,0.01,-0.2,-0.22,0,Stop loss: 1c <= 1c (entry=2c),31,other,1
2026-03-17T02:12:54.540405+00:00,KXNBA1HWINNER-26MAR16LALHOU-HOU,KXNBA1HWINNER-26MAR16LALHOU,,yes,watcher_manual,40,28,40,3,0.0,0.02,-0.36,-0.38,0,Stop loss: 28c <= 28c (entry=40c),32,35-44,0
2026-03-17T02:13:07.826374+00:00,KXNBA1HWINNER-26MAR16LALHOU-HOU,KXNBA1HWINNER-26MAR16LALHOU,,yes,watcher_manual,40,28,40,3,0.0,0.02,-0.36,-0.38,0,Stop loss: 28c <= 28c (entry=40c),45,35-44,0
2026-03-17T02:19:57.806834+00:00,KXNBAPTS-26MAR16SASLAC-SASVWEMBANYAMA1-25,KXNBAPTS-26MAR16SASLAC,,yes,watcher_prop_yes,55,28,55,2,0.01,0.01,-0.54,-0.56,0,Stop loss: 28c <= 38c (entry=55c),847,55-64,1
2026-03-17T02:19:59.723320+00:00,KXNBASPREAD-26MAR16MEMCHI-CHI13,KXNBASPREAD-26MAR16MEMCHI,,no,watcher_manual,98,1,98,20,0.01,0.01,-19.4,-19.42,0,Stop loss: 1c <= 68c (entry=98c),387,95-104,0
2026-03-17T02:20:10.569791+00:00,KXATPMATCH-26MAR16BASBAR-BAS,KXATPMATCH-26MAR16BASBAR,,yes,watcher_manual,30,21,30,4,0.02,0.02,-0.36,-0.4,0,Stop loss: 21c <= 21c (entry=30c),717,25-34,0
2026-03-17T02:20:27.463433+00:00,KXATPMATCH-26MAR16SVASMI-SMI,KXATPMATCH-26MAR16SVASMI,TennisMATCH,yes,exit_stale_tennis_underdog,25,25,27,5,0.02,0.02,0.0,-0.04,0,"Stale: 876s, 0c move, PNL=$-0.04",876,25-34,1
2026-03-17T02:23:51.627252+00:00,KXATPMATCH-26MAR16SVASMI-SMI,KXATPMATCH-26MAR16SVASMI,,yes,watcher_tennis_underdog,26,18,26,5,0.02,0.02,-0.4,-0.44,0,Stop loss: 18c <= 18c (entry=26c),149,25-34,1
2026-03-17T02:34:53.057836+00:00,KXATPMATCH-26MAR16BASBAR-BAS,KXATPMATCH-26MAR16BASBAR,,yes,watcher_tennis_underdog,26,2,26,5,0.02,0.01,-1.2,-1.23,0,Stop loss: 2c <= 18c (entry=26c),864,25-34,1
2026-03-17T02:35:21.917375+00:00,KXATPMATCH-26MAR16SVASMI-SMI,KXATPMATCH-26MAR16SVASMI,TennisMATCH,yes,exit_stale_manual,25,22,28,1,0.24,0.01,-0.03,-0.28,0,"Stale: 1770s, 3c move, PNL=$-0.28",1771,25-34,0
2026-03-17T02:38:05.771778+00:00,KXATPMATCH-26MAR16BASBAR-BAR,KXATPMATCH-26MAR16BASBAR,,no,watcher_value_fade,2,1,2,20,0.01,0.01,-0.2,-0.22,0,Stop loss: 1c <= 1c (entry=2c),162,other,1
2026-03-17T02:40:19.389336+00:00,KXATPMATCH-26MAR16BASBAR-BAR,KXATPMATCH-26MAR16BASBAR,,no,watcher_manual,98,1,98,20,0.01,0.01,-19.4,-19.42,0,Stop loss: 1c <= 68c (entry=98c),289,95-104,0
2026-03-17T02:43:07.817377+00:00,KXATPMATCH-26MAR16SVASMI-SMI,KXATPMATCH-26MAR16SVASMI,,yes,watcher_tennis_underdog,31,54,54,4,0.02,0.02,0.92,0.88,1,"Rocket exit: jumped +27c this cycle, profit=$0.88",358,25-34,1
2026-03-17T02:43:08.102764+00:00,KXNBAPTS-26MAR16LALHOU-LALLDONCIC77-40,KXNBAPTS-26MAR16LALHOU,,yes,watcher_prop_yes,54,11,56,2,0.01,0.01,-0.86,-0.88,0,Stop loss: 11c <= 37c (entry=54c),254,45-54,1
2026-03-17T02:45:41.340116+00:00,KXATPMATCH-26MAR16VUKHAR-HAR,KXATPMATCH-26MAR16VUKHAR,,yes,watcher_tennis_underdog,42,26,42,3,0.02,0.02,-0.48,-0.52,0,Stop loss: 26c <= 29c (entry=42c),564,35-44,1
2026-03-17T02:53:00.782826+00:00,KXNBA1HWINNER-26MAR16SASLAC-LAC,KXNBA1HWINNER-26MAR16SASLAC,,yes,watcher_quarter_winner,51,27,51,2,0.01,0.01,-0.48,-0.5,0,Stop loss: 27c <= 35c (entry=51c),104,45-54,1
2026-03-17T03:03:26.901667+00:00,KXNBAGAME-26MAR16SASLAC-LAC,KXNBAGAME-26MAR16SASLAC,NBAGAME,yes,exit_sl_manual,18,12,19,31,0.33,0.06,-1.86,-2.25,0,Stop loss: 12c<=12c entry=18c PNL=$-2.25,435,15-24,0
2026-03-17T03:05:14.136290+00:00,KXATPMATCH-26MAR16VUKHAR-HAR,KXATPMATCH-26MAR16VUKHAR,TennisMATCH,yes,exit_stale_tennis_underdog,25,26,31,5,0.02,0.02,0.05,0.01,1,"Stale: 1048s, 1c move, PNL=$0.01",1049,25-34,1
2026-03-17T03:07:51.421622+00:00,KXATPMATCH-26MAR16SVASMI-SMI,KXATPMATCH-26MAR16SVASMI,TennisMATCH,yes,exit_stale_tennis_underdog,44,45,45,2,0.01,0.01,0.02,0.0,0,"Stale: 942s, 1c move, PNL=$0.00",942,35-44,1
2026-03-17T03:26:14.212702+00:00,KXATPMATCH-26MAR16VUKHAR-HAR,KXATPMATCH-26MAR16VUKHAR,TennisMATCH,yes,exit_stale_tennis_underdog,30,28,32,4,0.02,0.02,-0.08,-0.12,0,"Stale: 944s, 2c move, PNL=$-0.12",944,25-34,1
2026-03-17T03:30:42.307732+00:00,KXATPMATCH-26MAR16SVASMI-SMI,KXATPMATCH-26MAR16SVASMI,TennisMATCH,yes,exit_stale_tennis_underdog,44,41,44,2,0.01,0.01,-0.06,-0.08,0,"Stale: 950s, 3c move, PNL=$-0.08",952,35-44,1
2026-03-17T03:35:00.935257+00:00,KXNBA3PT-26MAR16SASLAC-LACDGARLAND10-3,KXNBA3PT-26MAR16SASLAC,,yes,watcher_prop_yes,53,6,54,2,0.01,0.01,-0.94,-0.96,0,Stop loss: 6c <= 37c (entry=53c),4263,45-54,1
2026-03-17T03:40:22.512219+00:00,KXNBASPREAD-26MAR16SASLAC-SAS2,KXNBASPREAD-26MAR16SASLAC,,no,watcher_value_fade,6,4,6,20,0.02,0.02,-0.4,-0.44,0,Stop loss: 4c <= 4c (entry=6c),156,5-14,1
2026-03-17T03:50:21.089529+00:00,KXNBAPTS-26MAR16LALHOU-LALAREAVES15-20,KXNBAPTS-26MAR16LALHOU,,yes,watcher_prop_yes,55,34,56,2,0.01,0.01,-0.42,-0.44,0,Stop loss: 34c <= 38c (entry=55c),2708,55-64,1
2026-03-17T03:50:21.792995+00:00,KXNBASPREAD-26MAR16SASLAC-SAS2,KXNBASPREAD-26MAR16SASLAC,,no,watcher_value_fade,3,1,3,20,0.02,0.01,-0.4,-0.43,0,Stop loss: 1c <= 2c (entry=3c),117,other,1
2026-03-17T03:53:44.668798+00:00,KXATPMATCH-26MAR16VUKHAR-HAR,KXATPMATCH-26MAR16VUKHAR,TennisMATCH,yes,exit_stale_tennis_underdog,31,28,31,4,0.02,0.02,-0.12,-0.16,0,"Stale: 957s, 3c move, PNL=$-0.16",957,25-34,1
2026-03-17T03:57:14.991894+00:00,KXATPMATCH-26MAR16SVASMI-SMI,KXATPMATCH-26MAR16SVASMI,TennisMATCH,yes,exit_stale_tennis_underdog,44,42,45,2,0.01,0.01,-0.04,-0.06,0,"Stale: 902s, 2c move, PNL=$-0.06",902,35-44,1
2026-03-17T04:03:13.111206+00:00,KXNBAGAME-26MAR16LALHOU-LAL,KXNBAGAME-26MAR16LALHOU,,no,watcher_value_fade,5,1,5,20,0.02,0.01,-0.8,-0.83,0,Stop loss: 1c <= 3c (entry=5c),198,5-14,1
2026-03-17T04:10:27.198031+00:00,KXATPMATCH-26MAR16VUKHAR-HAR,KXATPMATCH-26MAR16VUKHAR,TennisMATCH,yes,exit_stale_tennis_underdog,30,27,30,4,0.02,0.02,-0.12,-0.16,0,"Stale: 948s, 3c move, PNL=$-0.16",948,25-34,1
2026-03-17T04:22:48.939122+00:00,KXNBAGAME-26MAR16SASLAC-SAS,KXNBAGAME-26MAR16SASLAC,,no,watcher_value_fade,5,3,8,20,0.02,0.02,-0.4,-0.44,0,Stop loss: 3c <= 3c (entry=5c),1267,5-14,1
2026-03-17T04:28:54.216123+00:00,KXATPMATCH-26MAR16VUKHAR-HAR,KXATPMATCH-26MAR16VUKHAR,TennisMATCH,yes,exit_stale_tennis_underdog,30,28,30,4,0.02,0.02,-0.08,-0.12,0,"Stale: 1000s, 2c move, PNL=$-0.12",1000,25-34,1
2026-03-17T04:32:53.906892+00:00,KXNBAGAME-26MAR16SASLAC-SAS,KXNBAGAME-26MAR16SASLAC,,no,watcher_value_fade,6,1,8,20,0.02,0.01,-1.0,-1.03,0,Stop loss: 1c <= 4c (entry=6c),555,5-14,1
2026-03-17T04:32:54.368176+00:00,KXNBASPREAD-26MAR16SASLAC-SAS2,KXNBASPREAD-26MAR16SASLAC,,no,watcher_value_fade,5,1,5,20,0.02,0.01,-0.8,-0.83,0,Stop loss: 1c <= 3c (entry=5c),133,5-14,1
2026-03-17T13:14:37.860220+00:00,KXNBAREB-26MAR17MIACHA-CHALBALL1-5,KXNBAREB-26MAR17MIACHA,NBAREB,yes,exit_stale_prop_yes,56,55,56,2,0.01,0.01,-0.02,-0.04,0,"Stale: 952s, 1c move, PNL=$-0.04",952,55-64,1
2026-03-17T13:14:38.938251+00:00,KXATPMATCH-26MAR17FERYUN-FER,KXATPMATCH-26MAR17FERYUN,TennisMATCH,yes,exit_stale_tennis_underdog,43,43,43,3,0.02,0.02,0.0,-0.04,0,"Stale: 951s, 0c move, PNL=$-0.04",952,35-44,1
2026-03-17T13:14:40.019320+00:00,KXATPMATCH-26MAR16VUKHAR-HAR,KXATPMATCH-26MAR16VUKHAR,TennisMATCH,yes,exit_stale_tennis_underdog,27,25,27,4,0.02,0.02,-0.08,-0.12,0,"Stale: 950s, 2c move, PNL=$-0.12",952,25-34,1
2026-03-17T13:30:25.267329+00:00,KXWTAMATCH-26MAR17RAKGIB-RAK,KXWTAMATCH-26MAR17RAKGIB,TennisMATCH,yes,exit_stale_tennis_underdog,40,42,42,3,0.02,0.02,0.06,0.02,1,"Stale: 943s, 2c move, PNL=$0.02",944,35-44,1
2026-03-17T13:31:18.053667+00:00,KXNBAREB-26MAR17MIACHA-CHALBALL1-5,KXNBAREB-26MAR17MIACHA,NBAREB,yes,exit_stale_prop_yes,56,55,56,2,0.01,0.01,-0.02,-0.04,0,"Stale: 943s, 1c move, PNL=$-0.04",943,55-64,1
2026-03-17T13:37:31.644820+00:00,KXATPMATCH-26MAR17FERYUN-FER,KXATPMATCH-26MAR17FERYUN,TennisMATCH,yes,exit_stale_tennis_underdog,44,44,44,2,0.01,0.01,0.0,-0.02,0,"Stale: 950s, 0c move, PNL=$-0.02",951,35-44,1
2026-03-17T13:40:07.175624+00:00,KXATPMATCH-26MAR16VUKHAR-HAR,KXATPMATCH-26MAR16VUKHAR,TennisMATCH,yes,exit_stale_tennis_underdog,28,26,28,4,0.02,0.02,-0.08,-0.12,0,"Stale: 947s, 2c move, PNL=$-0.12",947,25-34,1
2026-03-17T13:47:55.311382+00:00,KXNBAREB-26MAR17MIACHA-CHALBALL1-5,KXNBAREB-26MAR17MIACHA,NBAREB,yes,exit_stale_prop_yes,56,55,56,2,0.01,0.01,-0.02,-0.04,0,"Stale: 942s, 1c move, PNL=$-0.04",942,55-64,1
2026-03-17T13:47:56.288419+00:00,KXWTAMATCH-26MAR17RAKGIB-RAK,KXWTAMATCH-26MAR17RAKGIB,TennisMATCH,yes,exit_stale_tennis_underdog,43,43,43,3,0.02,0.02,0.0,-0.04,0,"Stale: 995s, 0c move, PNL=$-0.04",997,35-44,1
2026-03-17T13:48:48.951141+00:00,KXWTAMATCH-26MAR17RAKGIB-RAK,KXWTAMATCH-26MAR17RAKGIB,TennisMATCH,yes,exit_stale_manual,43,41,43,3,0.18,0.02,-0.06,-0.26,0,"Stale: 2047s, 2c move, PNL=$-0.26",2047,35-44,0
2026-03-17T13:56:39.939480+00:00,KXATPMATCH-26MAR16VUKHAR-HAR,KXATPMATCH-26MAR16VUKHAR,TennisMATCH,yes,exit_stale_tennis_underdog,28,27,28,4,0.02,0.02,-0.04,-0.08,0,"Stale: 939s, 1c move, PNL=$-0.08",940,25-34,1
2026-03-17T14:05:12.088771+00:00,KXNBAREB-26MAR17MIACHA-CHALBALL1-5,KXNBAREB-26MAR17MIACHA,NBAREB,yes,exit_stale_prop_yes,56,55,56,2,0.01,0.01,-0.02,-0.04,0,"Stale: 930s, 1c move, PNL=$-0.04",930,55-64,1
2026-03-17T14:13:23.031094+00:00,KXATPMATCH-26MAR17BUSWON-BUS,KXATPMATCH-26MAR17BUSWON,TennisMATCH,yes,exit_stale_tennis_underdog,41,39,41,3,0.02,0.02,-0.06,-0.1,0,"Stale: 1003s, 2c move, PNL=$-0.10",1004,35-44,1
2026-03-17T14:13:24.006731+00:00,KXATPMATCH-26MAR16VUKHAR-HAR,KXATPMATCH-26MAR16VUKHAR,TennisMATCH,yes,exit_stale_manual,28,27,28,4,1.27,0.02,-0.04,-1.33,0,"Stale: 41826s, 1c move, PNL=$-1.33",41827,25-34,0
2026-03-17T14:23:12.914967+00:00,KXNBAREB-26MAR17MIACHA-CHALBALL1-5,KXNBAREB-26MAR17MIACHA,NBAREB,yes,exit_stale_prop_yes,56,55,56,2,0.01,0.01,-0.02,-0.04,0,"Stale: 1027s, 1c move, PNL=$-0.04",1027,55-64,1
2026-03-17T14:30:13.725170+00:00,KXATPMATCH-26MAR16VUKHAR-HAR,KXATPMATCH-26MAR16VUKHAR,TennisMATCH,yes,exit_stale_tennis_underdog,28,26,28,4,0.02,0.02,-0.08,-0.12,0,"Stale: 904s, 2c move, PNL=$-0.12",904,25-34,1
2026-03-17T14:38:58.256576+00:00,KXATPCHALLENGERMATCH-26MAR17DEJHAS-HAS,KXATPCHALLENGERMATCH-26MAR17DEJHAS,,yes,watcher_manual,3,2,3,15,0.04,0.01,-0.15,-0.2,0,Stop loss: 2c <= 2c (entry=3c),316,other,0
2026-03-17T14:39:50.263534+00:00,KXNBAREB-26MAR17MIACHA-CHALBALL1-5,KXNBAREB-26MAR17MIACHA,NBAREB,yes,exit_stale_prop_yes,56,55,56,2,0.01,0.01,-0.02,-0.04,0,"Stale: 943s, 1c move, PNL=$-0.04",944,55-64,1
2026-03-17T14:46:46.058220+00:00,KXATPMATCH-26MAR16VUKHAR-HAR,KXATPMATCH-26MAR16VUKHAR,TennisMATCH,yes,exit_stale_tennis_underdog,28,27,28,1,0.02,0.01,-0.01,-0.04,0,"Stale: 938s, 1c move, PNL=$-0.04",938,25-34,1
2026-03-17T14:53:46.292747+00:00,KXATPCHALLENGERMATCH-26MAR17SQUPAL-PAL,KXATPCHALLENGERMATCH-26MAR17SQUPAL,,yes,watcher_manual,17,6,24,16,0.16,0.02,-1.76,-1.94,0,Stop loss: 6c <= 11c (entry=17c),650,15-24,0
2026-03-17T14:53:46.549706+00:00,KXATPCHALLENGERMATCH-26MAR17SQUPAL-SQU,KXATPCHALLENGERMATCH-26MAR17SQUPAL,,no,watcher_manual,85,6,85,31,0.28,0.04,-24.49,-24.81,0,Stop loss: 6c <= 59c (entry=85c),112,85-94,0
2026-03-17T14:56:19.853435+00:00,KXNBAREB-26MAR17MIACHA-CHALBALL1-5,KXNBAREB-26MAR17MIACHA,NBAREB,yes,exit_stale_prop_yes,56,55,56,2,0.01,0.01,-0.02,-0.04,0,"Stale: 936s, 1c move, PNL=$-0.04",936,55-64,1
2026-03-17T15:12:51.479550+00:00,KXNBAREB-26MAR17MIACHA-CHALBALL1-5,KXNBAREB-26MAR17MIACHA,NBAREB,yes,exit_stale_prop_yes,56,55,56,2,0.01,0.01,-0.02,-0.04,0,"Stale: 938s, 1c move, PNL=$-0.04",938,55-64,1
2026-03-17T15:15:29.699757+00:00,KXATPMATCH-26MAR16VUKHAR-HAR,KXATPMATCH-26MAR16VUKHAR,TennisMATCH,yes,exit_stale_tennis_underdog,28,26,28,4,0.02,0.02,-0.08,-0.12,0,"Stale: 992s, 2c move, PNL=$-0.12",992,25-34,1
2026-03-17T15:23:20.423615+00:00,KXWTAMATCH-26MAR17RAKGIB-RAK,KXWTAMATCH-26MAR17RAKGIB,TennisMATCH,yes,exit_sl_tennis_underdog,31,21,31,1,0.02,0.01,-0.1,-0.13,0,Stop loss: 21c<=21c entry=31c PNL=$-0.13,681,25-34,1
2026-03-17T15:23:21.434658+00:00,KXWTAMATCH-26MAR17BIRYUA-YUA,KXWTAMATCH-26MAR17BIRYUA,TennisMATCH,yes,exit_stale_tennis_underdog,38,40,53,3,0.02,0.02,0.06,0.02,1,"Stale: 941s, 2c move, PNL=$0.02",943,35-44,1
2026-03-17T15:31:19.841963+00:00,KXNBAREB-26MAR17MIACHA-CHALBALL1-5,KXNBAREB-26MAR17MIACHA,NBAREB,yes,exit_stale_prop_yes,56,55,56,2,0.01,0.01,-0.02,-0.04,0,"Stale: 1003s, 1c move, PNL=$-0.04",1003,55-64,1
2026-03-17T15:34:40.286271+00:00,KXWTAMATCH-26MAR17LEPFRU-LEP,KXWTAMATCH-26MAR17LEPFRU,,yes,watcher_tennis_underdog,26,18,26,5,0.02,0.02,-0.4,-0.44,0,Stop loss: 18c <= 18c (entry=26c),199,25-34,1
2026-03-17T15:36:36.452460+00:00,KXWTAMATCH-26MAR17BIRYUA-YUA,KXWTAMATCH-26MAR17BIRYUA,TennisMATCH,yes,exit_sl_tennis_underdog,36,23,36,3,0.02,0.01,-0.39,-0.42,0,Stop loss: 23c<=25c entry=36c PNL=$-0.42,634,35-44,1
2026-03-17T15:43:37.258967+00:00,KXATPMATCH-26MAR17HANVAN-VAN,KXATPMATCH-26MAR17HANVAN,TennisMATCH,yes,exit_sl_tennis_underdog,24,16,24,5,0.02,0.02,-0.4,-0.44,0,Stop loss: 16c<=16c entry=24c PNL=$-0.44,844,15-24,1
2026-03-17T15:43:38.150917+00:00,KXATPMATCH-26MAR17FERYUN-YUN,KXATPMATCH-26MAR17FERYUN,TennisMATCH,yes,exit_stale_tennis_underdog,31,30,31,4,0.02,0.02,-0.04,-0.08,0,"Stale: 1109s, 1c move, PNL=$-0.08",1110,25-34,1
2026-03-17T17:21:00.442970+00:00,KXWTAMATCH-26MAR17BIRYUA-YUA,KXWTAMATCH-26MAR17BIRYUA,,yes,watcher_tennis_underdog,27,5,27,4,0.02,0.01,-0.88,-0.91,0,Stop loss: 5c <= 18c (entry=27c),6209,25-34,1
2026-03-17T17:27:58.952011+00:00,KXWTAMATCH-26MAR17VIDJAC-JAC,KXWTAMATCH-26MAR17VIDJAC,,yes,watcher_manual,36,24,36,3,0.02,0.01,-0.36,-0.39,0,Stop loss: 24c <= 25c (entry=36c),190,35-44,0
2026-03-17T17:35:53.558935+00:00,KXWTAMATCH-26MAR17WALTOM-WAL,KXWTAMATCH-26MAR17WALTOM,,yes,watcher_tennis_underdog,28,17,28,4,0.02,0.01,-0.44,-0.47,0,Stop loss: 17c <= 19c (entry=28c),859,25-34,1
2026-03-17T17:35:54.536411+00:00,KXATPMATCH-26MAR17HANVAN-VAN,KXATPMATCH-26MAR17HANVAN,,yes,watcher_tennis_underdog,31,14,31,4,0.02,0.01,-0.68,-0.71,0,Stop loss: 14c <= 21c (entry=31c),405,25-34,1
2026-03-17T17:36:23.859971+00:00,KXATPMATCH-26MAR16VUKHAR-HAR,KXATPMATCH-26MAR16VUKHAR,TennisMATCH,yes,exit_stale_manual,28,26,28,4,2.06,0.02,-0.08,-2.16,0,"Stale: 54006s, 2c move, PNL=$-2.16",54007,25-34,0
2026-03-17T17:37:17.978364+00:00,KXNBAREB-26MAR17MIACHA-CHALBALL1-5,KXNBAREB-26MAR17MIACHA,NBAREB,yes,exit_stale_prop_yes,56,55,56,2,0.01,0.01,-0.02,-0.04,0,"Stale: 945s, 1c move, PNL=$-0.04",945,55-64,1
2026-03-17T17:40:37.078080+00:00,KXATPMATCH-26MAR16VUKHAR-HAR,KXATPMATCH-26MAR16VUKHAR,,yes,watcher_tennis_underdog,28,19,28,4,0.02,0.02,-0.36,-0.4,0,Stop loss: 19c <= 19c (entry=28c),198,25-34,1
2026-03-17T17:40:37.161639+00:00,KXATPMATCH-26MAR17BLOOCO-OCO,KXATPMATCH-26MAR17BLOOCO,TennisMATCH,yes,exit_stale_manual,33,35,40,3,0.02,0.02,0.06,0.02,1,"Stale: 932s, 2c move, PNL=$0.02",932,25-34,0
2026-03-17T17:42:22.575983+00:00,KXATPMATCH-26MAR17BLOOCO-OCO,KXATPMATCH-26MAR17BLOOCO,TennisMATCH,yes,exit_stale_manual,33,33,33,3,0.02,0.02,0.0,-0.04,0,"Stale: 1037s, 0c move, PNL=$-0.04",1038,25-34,0
2026-03-17T17:43:15.354997+00:00,KXWTAMATCH-26MAR17SUNVEK-VEK,KXWTAMATCH-26MAR17SUNVEK,TennisMATCH,yes,exit_sl_tennis_underdog,33,21,53,3,0.02,0.01,-0.36,-0.39,0,Stop loss: 21c<=23c entry=33c PNL=$-0.39,1297,25-34,1
2026-03-17T17:44:08.813653+00:00,KXWTAMATCH-26MAR17SEIMAS-SEI,KXWTAMATCH-26MAR17SEIMAS,TennisMATCH,yes,exit_sl_tennis_underdog,21,14,23,6,0.02,0.02,-0.42,-0.46,0,Stop loss: 14c<=14c entry=21c PNL=$-0.46,952,15-24,1
2026-03-17T17:50:11.333085+00:00,KXATPMATCH-26MAR17HANVAN-HAN,KXATPMATCH-26MAR17HANVAN,,no,watcher_manual,95,2,95,20,0.02,0.01,-18.6,-18.63,0,Stop loss: 2c <= 66c (entry=95c),242,95-104,0
2026-03-17T17:50:29.955356+00:00,KXNBAREB-26MAR17MIACHA-CHALBALL1-5,KXNBAREB-26MAR17MIACHA-CHALBALL1,NBAREB,yes,exit_stale_manual,56,55,56,2,0.92,0.01,-0.02,-0.95,0,"Stale: 17504s, 1c move, PNL=$-0.95",17504,55-64,0
2026-03-17T17:52:16.722767+00:00,KXWTAMATCH-26MAR17VIDJAC-JAC,KXWTAMATCH-26MAR17VIDJAC,TennisMATCH,yes,exit_stale_tennis_underdog,21,23,23,6,0.02,0.02,0.12,0.08,1,"Stale: 951s, 2c move, PNL=$0.08",951,15-24,1
2026-03-17T17:55:47.313260+00:00,KXWTAMATCH-26MAR17KALPAR-KAL,KXWTAMATCH-26MAR17KALPAR,TennisMATCH,yes,exit_stale_tennis_underdog,33,36,41,3,0.02,0.02,0.09,0.05,1,"Stale: 908s, 3c move, PNL=$0.05",909,25-34,1
2026-03-17T17:55:48.363510+00:00,KXWTAMATCH-26MAR17SUNVEK-VEK,KXWTAMATCH-26MAR17SUNVEK,TennisMATCH,yes,exit_sl_manual,22,13,22,5,0.08,0.01,-0.45,-0.54,0,Stop loss: 13c<=15c entry=22c PNL=$-0.54,2050,15-24,0
2026-03-17T18:01:58.709512+00:00,KXNBAREB-26MAR17MIACHA-CHALBALL1-5,KXNBAREB-26MAR17MIACHA-CHALBALL1,NBAREB,yes,exit_stale_manual,56,55,56,2,1.0,0.01,-0.02,-1.03,0,"Stale: 18193s, 1c move, PNL=$-1.03",18193,55-64,0
2026-03-17T18:06:18.421453+00:00,KXATPMATCH-26MAR16VUKHAR-HAR,KXATPMATCH-26MAR16VUKHAR,TennisMATCH,yes,exit_stale_tennis_underdog,21,23,23,2,0.02,0.01,0.04,0.01,1,"Stale: 947s, 2c move, PNL=$0.01",947,15-24,1
2026-03-17T18:09:49.306324+00:00,KXWTAMATCH-26MAR17SEIMAS-SEI,KXWTAMATCH-26MAR17SEIMAS,TennisMATCH,yes,exit_stale_tennis_underdog,26,23,26,5,0.02,0.02,-0.15,-0.19,0,"Stale: 1050s, 3c move, PNL=$-0.19",1051,25-34,1
2026-03-17T18:12:26.084395+00:00,KXATPMATCH-26MAR17BLOOCO-OCO,KXATPMATCH-26MAR17BLOOCO,TennisMATCH,yes,exit_sl_tennis_underdog,35,23,36,3,0.02,0.01,-0.36,-0.39,0,Stop loss: 23c<=24c entry=35c PNL=$-0.39,1051,35-44,1
2026-03-17T18:12:27.412392+00:00,KXWTAMATCH-26MAR17KALPAR-KAL,KXWTAMATCH-26MAR17KALPAR,TennisMATCH,yes,exit_stale_tennis_underdog,35,32,35,3,0.02,0.02,-0.09,-0.13,0,"Stale: 941s, 3c move, PNL=$-0.13",943,35-44,1
2026-03-17T18:13:20.612894+00:00,KXWTAMATCH-26MAR17KALPAR-KAL,KXWTAMATCH-26MAR17KALPAR,,yes,watcher_manual,35,24,35,3,0.15,0.01,-0.33,-0.49,0,Stop loss: 24c <= 24c (entry=35c),1962,35-44,0
2026-03-17T18:16:07.293579+00:00,KXATPMATCH-26MAR16VUKHAR-HAR,KXATPMATCH-26MAR16VUKHAR,,yes,watcher_manual,21,5,21,4,2.33,0.01,-0.64,-2.98,0,Stop loss: 5c <= 14c (entry=21c),56390,15-24,0
2026-03-17T18:34:08.822958+00:00,KXWTAMATCH-26MAR17VIDJAC-JAC,KXWTAMATCH-26MAR17VIDJAC,,yes,watcher_tennis_underdog,28,43,53,4,0.02,0.02,0.6,0.56,1,"Trail exit: $0.56 profit, peak=53c stop=43c",2458,25-34,1
2026-03-17T18:34:19.147991+00:00,KXNBAGAME-26MAR17DETWAS-DET,KXNBAGAME-26MAR17DETWAS,,no,watcher_manual,94,5,94,20,0.02,0.02,-17.8,-17.84,0,Stop loss: 5c <= 65c (entry=94c),36,85-94,0
2026-03-17T19:37:20.431182+00:00,KXATPMATCH-TEST-NODAL,KXATPMATCH-TEST,,no,exit_trail_value_fade,6,7,6,3,0.01,0.01,0.03,0.01,1,stack check mock exit,0,5-14,1
2026-03-17T19:59:22.971056+00:00,KXATPMATCH-TEST-NODAL,KXATPMATCH-TEST,,no,exit_trail_value_fade,6,7,6,3,0.01,0.01,0.03,0.01,1,stack check mock exit,0,5-14,1
2026-03-17T20:05:29.103927+00:00,KXATPMATCH-26MAR17BASSHI-SHI,KXATPMATCH-26MAR17BASSHI,,yes,watcher_manual,16,11,16,29,0.28,0.05,-1.45,-1.78,0,Stop loss: 11c <= 11c (entry=16c),8,15-24,0
2026-03-17T20:25:49.282012+00:00,KXATPMATCH-TEST-NODAL,KXATPMATCH-TEST,,no,exit_trail_value_fade,6,7,6,3,0.01,0.01,0.03,0.01,1,stack check mock exit,0,5-14,1
2026-03-17T20:26:59.876712+00:00,KXATPMATCH-TEST-NODAL,KXATPMATCH-TEST,,no,exit_trail_value_fade,6,7,6,3,0.01,0.01,0.03,0.01,1,stack check mock exit,0,5-14,1
2026-03-17T20:28:13.729172+00:00,KXATPMATCH-TEST-NODAL,KXATPMATCH-TEST,,no,exit_trail_value_fade,6,7,6,3,0.01,0.01,0.03,0.01,1,stack check mock exit,0,5-14,1
2026-03-17T20:29:31.482338+00:00,KXATPMATCH-TEST-NODAL,KXATPMATCH-TEST,,no,exit_trail_value_fade,6,7,6,3,0.01,0.01,0.03,0.01,1,stack check mock exit,0,5-14,1
2026-03-17T20:45:35.657453+00:00,KXATPMATCH-TEST-NODAL,KXATPMATCH-TEST,,no,exit_trail_value_fade,6,7,6,3,0.01,0.01,0.03,0.01,1,stack check mock exit,0,5-14,1
2026-03-17T22:01:29.233013,exit_stale_prop_yes,KXNBAPTS-26MAR17PHXMIN-PHXDBOOKER1-25,yes,9,65,63,-0.26,"Stale: 2606s, 2c move, PNL=$-0.26"
2026-03-17T22:40:25.879453,watcher_tennis_underdog,KXWTAMATCH-26MAR17BOUBOU2-BOU2,yes,5,21,14,-0.39,Stop loss: 14c <= 14c (entry=21c)
2026-03-17T22:44:51.561779,watcher_tennis_underdog,KXATPMATCH-26MAR17VUKBAR-VUK,yes,3,32,17,-0.48,Stop loss: 17c <= 22c (entry=32c)
2026-03-17T22:47:27.012218,watcher_tennis_underdog,KXATPCHALLENGERMATCH-26MAR17HERCOL-COL,yes,2,38,23,-0.32,Stop loss: 23c <= 26c (entry=38c)
2026-03-17T22:50:35.230812,exit_stale_tennis_underdog,KXWTAMATCH-26MAR17KENBLI-BLI,yes,2,39,37,-0.06,"Stale: 960s, 2c move, PNL=$-0.06"
2026-03-17T22:50:36.163111,exit_stale_tennis_underdog,KXATPCHALLENGERMATCH-26MAR17KUZGEA-KUZ,yes,3,33,30,-0.13,"Stale: 959s, 3c move, PNL=$-0.13"
2026-03-17T22:51:48.413673,exit_stale_tennis_underdog,KXWTAMATCH-26MAR17ZHACIR-ZHA,yes,4,25,23,-0.12,"Stale: 1034s, 2c move, PNL=$-0.12"
2026-03-17T22:54:20.065195,watcher_tennis_underdog,KXATPMATCH-26MAR17WALHIJ-HIJ,yes,3,30,54,0.68,"Trail exit: $0.68 profit, peak=72c stop=59c"
2026-03-17T23:07:48.421903,watcher_tennis_underdog,KXATPMATCH-26MAR17WALHIJ-WAL,yes,3,28,70,1.22,"Trail exit: $1.22 profit, peak=86c stop=70c"
2026-03-17T23:09:09.629321,watcher_tennis_underdog,KXATPMATCH-26MAR17TIRLAN-LAN,yes,2,36,25,-0.24,Stop loss: 25c <= 25c (entry=36c)
2026-03-17T23:11:09.387178,watcher_prop_yes,KXNBAPTS-26MAR17MIACHA-CHALBALL1-20,yes,1,56,32,-0.26,Stop loss: 32c <= 39c (entry=56c)
2026-03-17T23:19:23.743400,watcher_tennis_underdog,KXATPMATCH-26MAR17BELCAS-BEL,yes,2,37,68,0.6,Tennis TP pct=67% 68c>=67c PNL=$0.60
2026-03-17T23:19:26.320735,watcher_manual,KXATPMATCH-26MAR17BELCAS-BEL,yes,2,36,68,0.59,Tennis TP pct=67% 68c>=67c PNL=$0.59
2026-03-17T23:20:00.865467,watcher_tennis_underdog,KXATPMATCH-26MAR17VUKBAR-VUK,yes,2,34,22,-0.26,Tennis SL pct=33% 22c<=23c PNL=$-0.26
2026-03-17T23:20:33.949253,watcher_manual,KXATPMATCH-26MAR17BELCAS-CAS,yes,2,34,24,-0.22,Tennis SL pct=67% 24c<=24c PNL=$-0.22
2026-03-17T23:24:03.775894,watcher_tennis_underdog,KXATPMATCH-26MAR17BELCAS-CAS,yes,4,25,15,-0.43,Tennis SL pct=67% 15c<=18c PNL=$-0.43
2026-03-17T23:26:18.808230,watcher_manual,KXATPMATCH-26MAR17BELCAS-CAS,yes,27,17,13,-1.51,Tennis SL pct=99% 13c<=13c PNL=$-1.51
2026-03-17T23:26:40.828101,watcher_tennis_underdog,KXATPCHALLENGERMATCH-26MAR16HUECUN-CUN,yes,3,28,20,-0.27,Tennis SL pct=97% 20c<=21c PNL=$-0.27
2026-03-17T23:27:27.804398,watcher_manual,KXATPCHALLENGERMATCH-26MAR16HUECUN-CUN,yes,3,28,19,-0.28,Tennis SL pct=97% 19c<=21c PNL=$-0.28
2026-03-17T23:28:13.472075,watcher_tennis_underdog,KXATPMATCH-26MAR17SVAMER-MER,yes,2,40,25,-0.32,Tennis SL pct=78% 25c<=28c PNL=$-0.32
