timestamp,strategy,market_ticker,event_ticker,sport,side,contracts,entry_price,exit_price,peak_price,entry_fee,exit_fee,pnl,exit_reason,entry_time,is_bot
2026-03-17T23:34:35.762166,exit_sl_tennis_underdog,KXWTAMATCH-26MAR17SONHAD-HAD,,,yes,2,40,28,,,,-0.26,Stop loss: 28c<=28c entry=40c PNL=$-0.26,,
2026-03-17T23:38:22.940186,watcher_manual,KXATPMATCH-26MAR17TIRLAN-LAN,KXATPMATCH-26MAR17TIRLAN,,yes,2,35,22,35,0.08,0.01,-0.35,Tennis SL pct=33% 22c<=23c PNL=$-0.35,2026-03-17T23:04:23.131824Z,False
2026-03-17T23:47:30.393445,watcher_tennis_underdog,KXWTAMATCH-26MAR17KENBLI-KEN,KXWTAMATCH-26MAR17KENBLI,,yes,2,39,72,72,0.01,0.01,0.64,Tennis TP pct=33% 72c>=72c PNL=$0.64,2026-03-17T23:35:46.146569+00:00,True
2026-03-17T23:48:08.193332,watcher_tennis_underdog,KXWTAMATCH-26MAR17KENBLI-BLI,KXWTAMATCH-26MAR17KENBLI,,yes,3,31,21,31,0.02,0.01,-0.33,Tennis SL pct=33% 21c<=21c PNL=$-0.33,2026-03-17T23:45:28.614000+00:00,True
2026-03-17T23:49:32.853044,watcher_tennis_underdog,KXWTAMATCH-26MAR17KENBLI-BLI,KXWTAMATCH-26MAR17KENBLI,,yes,5,24,16,24,0.02,0.02,-0.44,Tennis SL pct=33% 16c<=16c PNL=$-0.44,2026-03-17T23:48:57.926519+00:00,True
2026-03-17T23:56:24.876654,watcher_tennis_underdog,KXATPMATCH-26MAR17TIRLAN-LAN,KXATPMATCH-26MAR17TIRLAN,,yes,4,25,21,25,0.02,0.02,-0.2,Tennis SL pct=81% 21c<=21c PNL=$-0.20,2026-03-17T23:53:35.101218+00:00,True
2026-03-17T23:56:33.201979,watcher_manual,KXATPMATCH-26MAR17TIRLAN-LAN,KXATPMATCH-26MAR17TIRLAN,,yes,4,25,21,25,0.16999999999999998,0.02,-0.35,Tennis SL pct=81% 21c<=21c PNL=$-0.35,2026-03-17T23:04:23.131824Z,False
2026-03-18T00:06:21.926378,watcher_tennis_underdog,KXWTAMATCH-26MAR17KENBLI-BLI,KXWTAMATCH-26MAR17KENBLI,,yes,5,22,15,22,0.02,0.02,-0.39,Tennis SL pct=75% 15c<=15c PNL=$-0.39,2026-03-18T00:03:56.442215+00:00,True
2026-03-18T00:23:57.758674,watcher_tennis_underdog,KXATPCHALLENGERMATCH-26MAR16BARKIN-KIN,KXATPCHALLENGERMATCH-26MAR16BARKIN,,yes,3,33,21,35,0.02,0.01,-0.39,Tennis SL pct=33% 21c<=22c PNL=$-0.39,2026-03-18T00:18:13.710588+00:00,True
2026-03-18T00:32:12.117454,watcher_tennis_underdog,KXATPCHALLENGERMATCH-26MAR16BARKIN-KIN,KXATPCHALLENGERMATCH-26MAR16BARKIN,,yes,3,28,19,28,0.02,0.01,-0.3,Tennis SL pct=33% 19c<=19c PNL=$-0.30,2026-03-18T00:31:28.141381+00:00,True
2026-03-18T00:50:23.308769,watcher_tennis_underdog,KXATPMATCH-26MAR17TIRLAN-LAN,KXATPMATCH-26MAR17TIRLAN,,yes,2,34,78,78,0.01,0.01,0.86,Tennis TP pct=72% 78c>=67c PNL=$0.86,2026-03-18T00:23:59.633015+00:00,True
2026-03-18T00:55:18.691520,watcher_tennis_underdog,KXWTAMATCH-26MAR17KENBLI-BLI,KXWTAMATCH-26MAR17KENBLI,,yes,2,36,72,72,0.01,0.01,0.7,Tennis TP pct=78% 72c>=67c PNL=$0.70,2026-03-18T00:19:23.981233+00:00,True
2026-03-18T00:59:39.790081,watcher_reconciled,KXWTAMATCH-26MAR17KENBLI-KEN,KXWTAMATCH-26MAR17KENBLI,,yes,3,27,18,27,0.09000000000000001,0.01,-0.37,Tennis SL pct=99% 18c<=21c PNL=$-0.37,2026-03-17T23:35:46.118068Z,True
2026-03-18T00:59:58.053316,watcher_tennis_underdog,KXWTAMATCH-26MAR17KENBLI-KEN,KXWTAMATCH-26MAR17KENBLI,,yes,4,21,16,21,0.02,0.01,-0.23,Tennis SL pct=99% 16c<=16c PNL=$-0.23,2026-03-18T00:59:56.331611+00:00,True
2026-03-18T01:22:58.516324,watcher_tennis_underdog,KXWTAMATCH-26MAR17SINOSO-SIN,KXWTAMATCH-26MAR17SINOSO,,yes,2,35,23,47,0.01,0.01,-0.26,Tennis SL pct=33% 23c<=23c PNL=$-0.26,2026-03-18T01:06:48.321990+00:00,True
2026-03-18T01:56:18.227298,exit_sl_tennis_underdog,KXWTAMATCH-26MAR17SINOSO-SIN,KXWTAMATCH-26MAR17SINOSO,TennisMATCH,yes,4,23,16,32,0.02,0.01,-0.31,Stop loss: 16c<=16c entry=23c PNL=$-0.31,2026-03-18T01:31:20.760121+00:00,True
2026-03-18T02:16:22.834009,watcher_tennis_underdog,KXWTAMATCH-26MAR17SINOSO-SIN,KXWTAMATCH-26MAR17SINOSO,,yes,3,26,20,38,0.02,0.01,-0.21,Tennis SL pct=86% 20c<=20c PNL=$-0.21,2026-03-18T02:04:05.930973+00:00,True
2026-03-18T02:17:28.970464,watcher_tennis_underdog,KXWTAMATCH-26MAR17SINOSO-SIN,KXWTAMATCH-26MAR17SINOSO,,yes,4,21,14,21,0.02,0.01,-0.31,Tennis SL pct=33% 14c<=14c PNL=$-0.31,2026-03-18T02:17:26.886789+00:00,True
2026-03-18T02:44:39.452590,watcher_manual,KXMLBSTGAME-26MAR172105LAACHC-LAA,KXMLBSTGAME-26MAR172105LAACHC,,yes,49,3,1,3,0.13,0.01,-1.12,Stop loss: 1c <= 2c (entry=3c),2026-03-18T02:44:07.675354Z,False
2026-03-18T02:46:02.712090,watcher_manual,KXMLBSTGAME-26MAR172105LAACHC-LAA,KXMLBSTGAME-26MAR172105LAACHC,,yes,5,2,1,3,0.15000000000000002,0.01,-0.21,Stop loss: 1c <= 1c (entry=2c),2026-03-18T02:44:07.675354Z,False
2026-03-18T02:49:11.495132,watcher_manual,KXMLBSTGAME-26MAR172105CLECIN-CLE,KXMLBSTGAME-26MAR172105CLECIN,,yes,31,27,13,27,0.43,0.07,-4.84,Stop loss: 13c <= 18c (entry=27c),2026-03-18T02:47:19.461028Z,False
2026-03-18T03:20:34.605312,watcher_tennis_underdog,KXATPCHALLENGERMATCH-26MAR16MIDVIL-VIL,KXATPCHALLENGERMATCH-26MAR16MIDVIL,,yes,3,32,20,45,0.02,0.01,-0.39,Tennis SL pct=0% 20c<=20c PNL=$-0.39,2026-03-18T02:40:21.406211+00:00,True
2026-03-18T03:22:11.892944,watcher_tennis_underdog,KXATPCHALLENGERMATCH-26MAR16MIDVIL-VIL,KXATPCHALLENGERMATCH-26MAR16MIDVIL,,yes,3,27,18,27,0.02,0.01,-0.3,Tennis SL pct=33% 18c<=18c PNL=$-0.30,2026-03-18T03:20:56.897834+00:00,True
2026-03-18T04:38:18.902389,exit_stale_tennis_underdog,KXATPCHALLENGERMATCH-26MAR17KUZGEA-KUZ,KXATPCHALLENGERMATCH-26MAR17KUZGEA,TennisCHALLENGERMATCH,yes,3,32,30,32,0.02,0.02,-0.1,"""Stale: 7213s, 2c move, PNL=$-0.10""",2026-03-18T02:38:05.321910+00:00,True
2026-03-18T09:24:46.853536,watcher_tennis_underdog,KXATPCHALLENGERMATCH-26MAR18FORNED-NED,KXATPCHALLENGERMATCH-26MAR18FORNED,,yes,3,32,21,41,0.02,0.01,-0.36,Tennis SL pct=33% 21c<=21c PNL=$-0.36,2026-03-18T07:54:40.906082+00:00,True
2026-03-18T09:31:51.137372,watcher_tennis_underdog,KXATPCHALLENGERMATCH-26MAR18FORNED-NED,KXATPCHALLENGERMATCH-26MAR18FORNED,,yes,4,22,13,23,0.02,0.01,-0.39,Tennis SL pct=33% 13c<=14c PNL=$-0.39,2026-03-18T09:25:16.197447+00:00,True
2026-03-18T09:37:54.719632,exit_stale_tennis_underdog,KXATPCHALLENGERMATCH-26MAR18KRUDOD-KRU,KXATPCHALLENGERMATCH-26MAR18KRUDOD,TennisCHALLENGERMATCH,yes,2,41,38,47,0.01,0.01,-0.08,"""Stale: 7216s, 3c move, PNL=$-0.08""",2026-03-18T07:37:37.705988+00:00,True
2026-03-18T09:37:55.610772,exit_stale_tennis_underdog,KXATPCHALLENGERMATCH-26MAR17KUZGEA-KUZ,KXATPCHALLENGERMATCH-26MAR17KUZGEA,TennisCHALLENGERMATCH,yes,4,25,23,25,0.02,0.02,-0.12,"""Stale: 7215s, 2c move, PNL=$-0.12""",2026-03-18T07:37:38.696269+00:00,True
2026-03-18T09:46:01.535393,exit_sl_tennis_underdog,KXATPCHALLENGERMATCH-26MAR18KRUDOD-DOD,KXATPCHALLENGERMATCH-26MAR18KRUDOD,TennisCHALLENGERMATCH,yes,2,41,28,41,0.01,0.01,-0.28,Stop loss: 28c<=28c entry=41c PNL=$-0.28,2026-03-18T09:44:52.067223+00:00,True
2026-03-18T09:57:21.524414,watcher_tennis_underdog,KXATPCHALLENGERMATCH-26MAR18FORNED-NED,KXATPCHALLENGERMATCH-26MAR18FORNED,,yes,4,21,17,24,0.02,0.01,-0.19,Tennis SL pct=69% 17c<=17c PNL=$-0.19,2026-03-18T09:42:32.018386+00:00,True
2026-03-18T09:59:55.133611,watcher_tennis_underdog,KXATPCHALLENGERMATCH-26MAR18KRUDOD-DOD,KXATPCHALLENGERMATCH-26MAR18KRUDOD,,yes,4,24,20,25,0.02,0.02,-0.2,Tennis SL pct=69% 20c<=20c PNL=$-0.20,2026-03-18T09:51:44.382747+00:00,True
2026-03-18T10:00:25.325878,watcher_tennis_underdog,KXATPCHALLENGERMATCH-26MAR18FORNED-NED,KXATPCHALLENGERMATCH-26MAR18FORNED,,yes,4,25,18,25,0.02,0.02,-0.32,Tennis SL pct=75% 18c<=18c PNL=$-0.32,2026-03-18T09:58:39.042431+00:00,True
2026-03-18T10:10:18.206363,watcher_tennis_underdog,KXATPCHALLENGERMATCH-26MAR18FORNED-NED,KXATPCHALLENGERMATCH-26MAR18FORNED,,yes,4,21,14,24,0.02,0.01,-0.31,Tennis SL pct=33% 14c<=14c PNL=$-0.31,2026-03-18T10:03:13.890392+00:00,True
2026-03-18T10:16:06.352243,watcher_tennis_underdog,KXATPCHALLENGERMATCH-26MAR17NEUNAG-NEU,KXATPCHALLENGERMATCH-26MAR17NEUNAG,,yes,3,30,25,30,0.02,0.01,-0.18,Tennis SL pct=81% 25c<=25c PNL=$-0.18,2026-03-18T09:11:29.307433+00:00,True
2026-03-18T10:18:14.534963,watcher_tennis_underdog,KXATPCHALLENGERMATCH-26MAR18KRUDOD-DOD,KXATPCHALLENGERMATCH-26MAR18KRUDOD,,yes,4,23,15,23,0.02,0.01,-0.35,Tennis SL pct=33% 15c<=15c PNL=$-0.35,2026-03-18T10:16:58.811174+00:00,True
2026-03-18T10:26:49.043100,watcher_tennis_underdog,KXATPCHALLENGERMATCH-26MAR18KRUDOD-DOD,KXATPCHALLENGERMATCH-26MAR18KRUDOD,,yes,4,22,16,22,0.02,0.01,-0.27,Tennis SL pct=86% 16c<=18c PNL=$-0.27,2026-03-18T10:23:56.087404+00:00,True
2026-03-18T11:47:16.197783,watcher_tennis_underdog,KXATPCHALLENGERMATCH-26MAR18LLACHO-CHO,KXATPCHALLENGERMATCH-26MAR18LLACHO,,yes,2,36,22,46,0.01,0.01,-0.3,Tennis SL pct=33% 22c<=24c PNL=$-0.30,2026-03-18T11:34:30.365637+00:00,True
2026-03-18T12:30:45.826666,watcher_tennis_underdog,KXATPCHALLENGERMATCH-26MAR18LLACHO-CHO,KXATPCHALLENGERMATCH-26MAR18LLACHO,,yes,4,22,14,22,0.02,0.01,-0.35,Tennis SL pct=33% 14c<=14c PNL=$-0.35,2026-03-18T12:29:41.428705+00:00,True
2026-03-18T12:59:36.065475,watcher_tennis_underdog,KXATPCHALLENGERMATCH-26MAR18LLACHO-CHO,KXATPCHALLENGERMATCH-26MAR18LLACHO,,yes,4,25,62,62,0.02,0.02,1.44,Tennis TP pct=99% 62c>=62c PNL=$1.44,2026-03-18T12:45:45.701790+00:00,True
2026-03-18T13:12:48.474696,watcher_tennis_underdog,KXATPCHALLENGERMATCH-26MAR17NEUNAG-NEU,KXATPCHALLENGERMATCH-26MAR17NEUNAG,,yes,2,34,21,34,0.01,0.01,-0.28,Tennis SL pct=33% 21c<=23c PNL=$-0.28,2026-03-18T13:12:08.139033+00:00,True
2026-03-18T13:15:26.231716,watcher_tennis_underdog,KXATPCHALLENGERMATCH-26MAR17NEUNAG-NEU,KXATPCHALLENGERMATCH-26MAR17NEUNAG,,yes,4,25,17,25,0.02,0.01,-0.35,Tennis SL pct=33% 17c<=17c PNL=$-0.35,2026-03-18T13:14:28.848123+00:00,True
2026-03-18T13:16:06.698885,watcher_tennis_underdog,KXATPCHALLENGERMATCH-26MAR17NEUNAG-NEU,KXATPCHALLENGERMATCH-26MAR17NEUNAG,,yes,4,22,9,22,0.02,0.01,-0.55,Tennis SL pct=33% 9c<=14c PNL=$-0.55,2026-03-18T13:15:40.086074+00:00,True
2026-03-18T14:15:33.848465,watcher_tennis_underdog,KXATPCHALLENGERMATCH-26MAR18DALAJD-DAL,KXATPCHALLENGERMATCH-26MAR18DALAJD,,yes,2,40,27,56,0.01,0.01,-0.28,Tennis SL pct=33% 27c<=27c PNL=$-0.28,2026-03-18T12:45:46.612869+00:00,True
2026-03-18T14:17:56.827394,watcher_tennis_underdog,KXATPCHALLENGERMATCH-26MAR18DALAJD-DAL,KXATPCHALLENGERMATCH-26MAR18DALAJD,,yes,3,28,19,28,0.02,0.01,-0.3,Tennis SL pct=33% 19c<=19c PNL=$-0.30,2026-03-18T14:17:42.733531+00:00,True
2026-03-18T14:24:38.624691,exit_stale_tennis_underdog,KXATPMATCH-26MAR17SHAVAN-VAN,KXATPMATCH-26MAR17SHAVAN,TennisMATCH,yes,2,35,36,36,0.01,0.01,0.0,"""Stale: 7241s, 1c move, PNL=$0.00""",2026-03-18T12:23:56.328330+00:00,True
2026-03-18T15:12:29.154371,watcher_tennis_underdog,KXATPCHALLENGERMATCH-26MAR18DALAJD-DAL,KXATPCHALLENGERMATCH-26MAR18DALAJD,,yes,4,21,13,39,0.02,0.01,-0.35,Tennis SL pct=33% 13c<=14c PNL=$-0.35,2026-03-18T14:24:39.534182+00:00,True
2026-03-18T15:15:47.317407,watcher_tennis_underdog,KXATPCHALLENGERMATCH-26MAR18DALAJD-DAL,KXATPCHALLENGERMATCH-26MAR18DALAJD,,yes,3,26,19,26,0.02,0.01,-0.24,Tennis SL pct=86% 19c<=20c PNL=$-0.24,2026-03-18T15:14:11.323160+00:00,True
2026-03-18T15:41:52.898995,exit_stale_tennis_underdog,KXATPMATCH-26MAR17BERBRO-BER,KXATPMATCH-26MAR17BERBRO,TennisMATCH,yes,2,40,37,40,0.01,0.01,-0.08,"Stale: 7258s, 3c move, PNL=$-0.08",2026-03-18T13:40:53.634272+00:00,True
2026-03-18T15:51:38.661269,exit_trail_value_fade,KXATPMATCH-TEST-NODAL,KXATPMATCH-TEST,,no,3,6,7,6,0.01,0.01,0.01,stack check mock exit,2026-03-18T15:51:38.660206+00:00,True
2026-03-18T16:00:06.716446,exit_stale_tennis_underdog,KXATPMATCH-26MAR17MPEUGO-UGO,KXATPMATCH-26MAR17MPEUGO,TennisMATCH,yes,2,39,36,39,0.01,0.01,-0.08,"Stale: 7246s, 3c move, PNL=$-0.08",2026-03-18T13:59:14.960936+00:00,True
2026-03-18T16:22:11.026668,exit_sl_tennis_underdog,KXATPCHALLENGERMATCH-26MAR18DEJHOU-HOU,KXATPCHALLENGERMATCH-26MAR18DEJHOU,TennisCHALLENGERMATCH,yes,4,23,15,26,0.02,0.01,-0.35,Stop loss: 15c<=16c entry=23c PNL=$-0.35,2026-03-18T16:12:49.842436+00:00,True
2026-03-18T16:45:16.356513,exit_stale_manual,KXNBAGAME-26MAR18OKCBKN-BKN,KXNBAGAME-26MAR18OKCBKN,NBAGAME,yes,156,6,5,6,0.62,0.13,-2.31,"Stale: 1832s, 1c move, PNL=$-2.31",2026-03-18T16:14:43.900153Z,False
2026-03-18T17:12:25.730420,exit_trail_value_fade,KXATPMATCH-TEST-NODAL,KXATPMATCH-TEST,,no,3,6,7,6,0.01,0.01,0.01,stack check mock exit,2026-03-18T17:12:25.729432+00:00,True
2026-03-18T17:30:16.633025,watcher_tennis_underdog,KXATPCHALLENGERMATCH-26MAR18OLIFAR-OLI,KXATPCHALLENGERMATCH-26MAR18OLIFAR,,yes,3,32,20,37,0.02,0.01,-0.39,Tennis SL pct=33% 20c<=21c PNL=$-0.39,2026-03-18T17:15:20.453149+00:00,True
2026-03-18T17:32:50.006558,exit_sl_manual,KXATPCHALLENGERMATCH-26MAR18DEJHOU-HOU,KXATPCHALLENGERMATCH-26MAR18DEJHOU,TennisCHALLENGERMATCH,yes,25,1,1,1,0.12000000000000001,0.01,-0.13,Stop loss: 1c<=1c entry=1c PNL=$-0.13,2026-03-18T16:12:49.80689Z,False
2026-03-18T17:49:06.609413,watcher_tennis_underdog,KXATPCHALLENGERMATCH-26MAR18OLIFAR-OLI,KXATPCHALLENGERMATCH-26MAR18OLIFAR,,yes,2,38,25,41,0.01,0.01,-0.28,Tennis SL(no-ctx) 25c PNL=$-0.28,2026-03-18T17:42:07.541169+00:00,True
2026-03-18T17:54:00.779656,exit_stale_tennis_underdog,KXWTAMATCH-26MAR17ARASEL-ARA,KXWTAMATCH-26MAR17ARASEL,TennisMATCH,yes,3,30,28,30,0.02,0.02,-0.1,"Stale: 7234s, 2c move, PNL=$-0.10",2026-03-18T15:53:25.700937+00:00,True
2026-03-18T17:54:24.138593,exit_stale_tennis_underdog,KXWTAMATCH-26MAR17ARASEL-ARA,KXWTAMATCH-26MAR17ARASEL,TennisMATCH,yes,3,30,28,30,0.02,0.02,-0.1,"Stale: 7258s, 2c move, PNL=$-0.10",2026-03-18T15:53:25.700937+00:00,True
2026-03-18T18:17:14.251697,watcher_manual,KXATPCHALLENGERMATCH-26MAR18GUICAD-GUI,KXATPCHALLENGERMATCH-26MAR18GUICAD,,yes,18,26,16,32,0.25,0.05,-2.1,Tennis SL(no-ctx) 16c PNL=$-2.10,2026-03-18T17:56:16.845678Z,False
2026-03-18T18:31:03.324801,watcher_tennis_underdog,KXATPCHALLENGERMATCH-26MAR18HAYMAR-HAY,KXATPCHALLENGERMATCH-26MAR18HAYMAR,,yes,4,22,14,23,0.02,0.01,-0.35,Tennis SL pct=0% 14c<=14c PNL=$-0.35,2026-03-18T18:24:51.706111+00:00,True
2026-03-18T18:46:56.511044,watcher_tennis_underdog,KXATPCHALLENGERMATCH-26MAR18HAYMAR-HAY,KXATPCHALLENGERMATCH-26MAR18HAYMAR,,yes,8,22,35,35,0.02,0.04,0.98,Quick profit lock: 35c >= 33c (50% on 22c entry) PNL=$0.98,2026-03-18T18:37:50.158532+00:00,True
2026-03-18T18:46:57.066661,watcher_tennis_underdog,KXATPCHALLENGERMATCH-26MAR18HAYMAR-HAY,KXATPCHALLENGERMATCH-26MAR18HAYMAR,,yes,8,22,35,35,0.02,0.04,0.98,Quick profit lock: 35c >= 33c (50% on 22c entry) PNL=$0.98,2026-03-18T18:37:44.455152+00:00,True
2026-03-18T18:53:04.218280,exit_sl_tennis_underdog,KXATPCHALLENGERMATCH-26MAR18ABOSCH-SCH,KXATPCHALLENGERMATCH-26MAR18ABOSCH,TennisCHALLENGERMATCH,yes,4,40,28,40,0.01,0.02,-0.51,Stop loss: 28c<=28c entry=40c PNL=$-0.51,2026-03-18T18:48:20.892152+00:00,True
2026-03-18T18:53:04.980448,exit_sl_tennis_underdog,KXATPCHALLENGERMATCH-26MAR18ABOSCH-SCH,KXATPCHALLENGERMATCH-26MAR18ABOSCH,TennisCHALLENGERMATCH,yes,4,40,28,40,0.01,0.02,-0.51,Stop loss: 28c<=28c entry=40c PNL=$-0.51,2026-03-18T18:48:20.873638+00:00,True
2026-03-18T19:50:41.448814,exit_sl_tennis_underdog,KXATPCHALLENGERMATCH-26MAR18SARREI-SAR,KXATPCHALLENGERMATCH-26MAR18SARREI,TennisCHALLENGERMATCH,yes,4,21,14,21,0.02,0.01,-0.31,Stop loss: 14c<=14c entry=21c PNL=$-0.31,2026-03-18T19:49:30.611086+00:00,True
2026-03-18T20:41:43.342031,watcher_reconciled,KXATPCHALLENGERMATCH-26MAR18SARREI-SAR,KXATPCHALLENGERMATCH-26MAR18SARREI,,yes,24,19,12,21,0.31,0.05,-2.04,Tennis SL pct=0% 12c<=12c PNL=$-2.04,2026-03-18T19:49:30.585349Z,True
2026-03-18T20:45:22.840919,exit_sl_tennis_underdog,KXATPCHALLENGERMATCH-26MAR18KICCIG-CIG,KXATPCHALLENGERMATCH-26MAR18KICCIG,TennisCHALLENGERMATCH,yes,3,30,21,39,0.02,0.01,-0.3,Stop loss: 21c<=21c entry=30c PNL=$-0.30,2026-03-18T20:40:45.400002+00:00,True
2026-03-18T21:18:51.317213,watcher_manual,KXMLBSTGAME-26MAR181605SFLAD-SF,KXMLBSTGAME-26MAR181605SFLAD,,yes,42,11,7,11,0.29,0.05,-2.02,Stop loss: 7c <= 7c (entry=11c),2026-03-18T21:17:56.307219Z,False
2026-03-18T21:19:55.878336,watcher_manual,KXMLBSTGAME-26MAR181605COLCIN-COL,KXMLBSTGAME-26MAR181605COLCIN,,yes,56,5,7,7,0.19,0.07,0.86,Quick profit lock: 7c >= 7c (50% on 5c) PNL=$0.86,2026-03-18T21:17:44.079996Z,False
2026-03-18T21:47:10.675453,watcher_manual,KXMLBSTGAME-26MAR181610CHCAZ-CHC,KXMLBSTGAME-26MAR181610CHCAZ,,yes,78,13,9,13,0.62,0.12,-3.86,Stop loss: 9c <= 9c (entry=13c),2026-03-18T21:46:13.055022Z,False
2026-03-18T22:42:37.923051,watcher_manual,KXMLBSTGAME-26MAR181605COLCIN-CIN,KXMLBSTGAME-26MAR181605COLCIN,,yes,46,4,2,4,0.13,0.02,-1.07,Stop loss: 2c <= 2c (entry=4c),2026-03-18T22:42:31.537321Z,False
2026-03-19T00:00:29.084291,exit_sl_tennis_underdog,KXATPCHALLENGERMATCH-26MAR18MARMEN-MAR,KXATPCHALLENGERMATCH-26MAR18MARMEN,TennisCHALLENGERMATCH,yes,3,30,20,30,0.02,0.01,-0.33,Stop loss: 20c<=21c entry=30c PNL=$-0.33,2026-03-18T23:55:44.326582+00:00,True
2026-03-19T00:18:39.723224,watcher_manual,KXATPCHALLENGERMATCH-26MAR18VALZAR-ZAR,KXATPCHALLENGERMATCH-26MAR18VALZAR,,yes,46,2,1,2,0.07,0.01,-0.54,Tennis SL pct=33% 1c<=1c PNL=$-0.54,2026-03-19T00:18:20.70304Z,False
2026-03-19T00:35:07.542383,watcher_manual,KXNBAGAME-26MAR18UTAMIN-UTA,KXNBAGAME-26MAR18UTAMIN,,yes,171,11,7,11,1.18,0.2,-8.22,Stop loss: 7c <= 7c (entry=11c),2026-03-19T00:33:38.519175Z,False
2026-03-19T02:30:21.007441,exit_trail_value_fade,KXATPMATCH-TEST-NODAL,KXATPMATCH-TEST,,no,3,6,7,6,0.01,0.01,0.01,stack_check_exit,2026-03-19T02:30:21.005482+00:00,True
2026-03-19T02:59:15.990631,exit_trail_value_fade,KXATPMATCH-TEST-NODAL,KXATPMATCH-TEST,,no,3,6,7,6,0.01,0.01,0.01,stack_check_exit,2026-03-19T02:59:15.989657+00:00,True
2026-03-19T03:23:36.354495,exit_trail_value_fade,KXATPMATCH-TEST-NODAL,KXATPMATCH-TEST,,no,3,6,7,6,0.01,0.01,0.01,stack_check_exit,2026-03-19T03:23:36.353532+00:00,True
2026-03-19T03:39:42.853288,exit_trail_value_fade,KXATPMATCH-TEST-NODAL,KXATPMATCH-TEST,,no,3,6,7,6,0.01,0.01,0.01,stack_check_exit,2026-03-19T03:39:42.852641+00:00,True
2026-03-19T04:12:26.854348,exit_trail_value_fade,KXATPMATCH-TEST-NODAL,KXATPMATCH-TEST,,no,3,6,7,6,0.01,0.01,0.01,stack_check_exit,2026-03-19T04:12:26.853431+00:00,True
2026-03-19T04:20:45.221311,exit_trail_value_fade,KXATPMATCH-TEST-NODAL,KXATPMATCH-TEST,,no,3,6,7,6,0.01,0.01,0.01,stack_check_exit,2026-03-19T04:20:45.220519+00:00,True
2026-03-19T04:31:38.037443,exit_trail_value_fade,KXATPMATCH-TEST-NODAL,KXATPMATCH-TEST,,no,3,6,7,6,0.01,0.01,0.01,stack_check_exit,2026-03-19T04:31:38.036510+00:00,True
2026-03-19T04:40:11.458194,exit_trail_value_fade,KXATPMATCH-TEST-NODAL,KXATPMATCH-TEST,,no,3,6,7,6,0.01,0.01,0.01,stack_check_exit,2026-03-19T04:40:11.457268+00:00,True
2026-03-19T05:20:50.906749,exit_trail_value_fade,KXATPMATCH-TEST-NODAL,KXATPMATCH-TEST,,no,3,6,7,6,0.01,0.01,0.01,stack_check_exit,2026-03-19T05:20:50.905799+00:00,True
2026-03-19T06:23:58.476930,exit_trail_value_fade,KXATPMATCH-TEST-NODAL,KXATPMATCH-TEST,,no,3,6,7,6,0.01,0.01,0.01,stack_check_exit,2026-03-19T06:23:58.476017+00:00,True
2026-03-19T08:33:02.687406,exit_trail_value_fade,KXATPMATCH-TEST-NODAL,KXATPMATCH-TEST,,no,3,6,7,6,0.01,0.01,0.01,stack_check_exit,2026-03-19T08:33:02.685470+00:00,True
2026-03-19T09:05:39.471315,watcher_value_fade,KXNBAGAME-26MAR20NYKBKN-NYK,KXNBAGAME-26MAR20NYKBKN,,no,20,9,5,9,0.0,0.02,-0.82,Hard stop: 5c <= 5c (40% loss) PNL=$-0.82,2026-03-19T09:05:38.911365+00:00,True
2026-03-19T09:20:46.311882,watcher_value_fade,KXNBAGAME-26MAR20NYKBKN-NYK,KXNBAGAME-26MAR20NYKBKN,,no,20,9,5,9,0.0,0.02,-0.82,Hard stop: 5c <= 5c (40% loss) PNL=$-0.82,2026-03-19T09:20:45.787288+00:00,True
2026-03-19T11:16:50.764522,watcher_value_fade,KXATPCHALLENGERMATCH-26MAR19COPNEG-COP,KXATPCHALLENGERMATCH-26MAR19COPNEG,,no,20,7,4,10,0.03,0.02,-0.65,Hard stop: 4c <= 4c (40% loss) PNL=$-0.65,2026-03-19T11:04:23.365170+00:00,True
2026-03-19T13:00:36.575229,watcher_value_fade,KXATPCHALLENGERMATCH-26MAR19TRASQU-TRA,KXATPCHALLENGERMATCH-26MAR19TRASQU,,no,20,8,4,8,0.03,0.02,-0.85,Hard stop: 4c <= 4c (40% loss) PNL=$-0.85,2026-03-19T12:57:33.363514+00:00,True
2026-03-19T13:32:16.450926,watcher_reconciled,KXNBAGAME-26MAR20BOSMEM-BOS,KXNBAGAME-26MAR20BOSMEM,,no,20,92,8,92,0.03,0.03,-16.86,Hard stop: 8c <= 55c (40% loss) PNL=$-16.86,2026-03-19T11:18:00.667883Z,True
2026-03-19T13:46:21.667411,watcher_value_fade,KXMLBSTGAME-26MAR191305BALNYY-NYY,KXMLBSTGAME-26MAR191305BALNYY,,no,20,21,25,34,0.0,0.07,0.73,Trail stop: 25c <= 27c peak=34c PNL=$0.73,2026-03-19T13:32:03.993160+00:00,True
2026-03-19T16:17:41.926401,watcher_reconciled,KXNBAGAME-26MAR20BOSMEM-BOS,KXNBAGAME-26MAR20BOSMEM,,no,20,92,8,92,0.17,0.03,-17.0,Hard stop: 8c <= 55c (40% loss) PNL=$-17.00,2026-03-19T11:18:00.667883Z,True
2026-03-19T17:12:47.211626,watcher_value_fade,KXWTAMATCH-26MAR18GALKAL-KAL,KXWTAMATCH-26MAR18GALKAL,,no,20,5,3,5,0.02,0.02,-0.44,Hard stop: 3c <= 3c (40% loss) PNL=$-0.44,2026-03-19T17:10:38.086758+00:00,True
2026-03-19T18:01:25.749345,exit_trail_value_fade,KXMLBSTGAME-26MAR191305TBPHI-PHI,KXMLBSTGAME-26MAR191305TBPHI,MLBSTGAME,no,20,6,9,12,0.02,0.03,0.55,Trail stop: 9c <= 9c (peak=12c entry=6c) PNL=$0.55,2026-03-19T17:55:27.691141+00:00,True
2026-03-20T15:52:48.400820,exit_trail_value_fade,KXATPMATCH-TEST-NODAL,KXATPMATCH-TEST,,no,3,6,7,6,0.01,0.01,0.01,stack check mock exit,2026-03-20T15:52:48.398403+00:00,True
2026-03-20T18:04:14.934594,watcher_value_fade,KXATPCHALLENGERMATCH-26MAR20COPARN-COP,KXATPCHALLENGERMATCH-26MAR20COPARN,,no,9,16,7,18,0.03,0.02,-0.86,Hard stop: 7c <= 9c (40% loss) PNL=$-0.86,2026-03-20T18:02:10.212654+00:00,True
2026-03-20T18:08:56.384574,watcher_value_fade,KXATPMATCH-26MAR18ROYTIR-TIR,KXATPMATCH-26MAR18ROYTIR,,no,10,15,9,19,0.03,0.02,-0.65,Hard stop: 9c <= 9c (40% loss) PNL=$-0.65,2026-03-20T18:06:51.623783+00:00,True
2026-03-20T19:42:01.807457,watcher_value_fade,KXMLBSTGAME-26MAR201510CWSLAA-LAA,KXMLBSTGAME-26MAR201510CWSLAA,,no,6,14,7,21,0.02,0.01,-0.45,Hard stop: 7c <= 8c (40% loss) PNL=$-0.45,2026-03-20T19:40:33.178867+00:00,True
2026-03-20T19:47:17.890448,watcher_value_fade,KXMLBSTGAME-26MAR201310STLNYM-STL,KXMLBSTGAME-26MAR201310STLNYM,,no,7,13,17,24,0.02,0.02,0.24,Trail stop: 17c <= 19c peak=24c PNL=$0.24,2026-03-20T19:44:03.397127+00:00,True
2026-03-20T20:30:33.008028,watcher_value_fade,KXATPMATCH-26MAR18OCOFUC-FUC,KXATPMATCH-26MAR18OCOFUC,,no,5,15,9,16,0.02,0.01,-0.33,SL: -6c <= -6c | PNL=$-0.33,2026-03-20T20:24:43.897486+00:00,True
2026-03-20T20:35:34.576943,watcher_value_fade,KXWTAMATCH-26MAR19BOUTAU-TAU,KXWTAMATCH-26MAR19BOUTAU,,no,5,15,9,26,0.02,0.01,-0.33,SL: -6c <= -6c | PNL=$-0.33,2026-03-20T20:31:41.382158+00:00,True
2026-03-23T04:51:58.813116,watcher_value_fade,KXATPCHALLENGERMATCH-26MAR23SATOVE-OVE,KXATPCHALLENGERMATCH-26MAR23SATOVE,,no,13,14,26,26,0.03,0.05,1.48,TP: +12c >= +12c | PNL=$1.48,2026-03-23T04:46:54.238449+00:00,True
2026-03-23T09:35:26.397825,watcher_value_fade,KXWTACHALLENGERMATCH-26MAR23NIEHER-HER,KXWTACHALLENGERMATCH-26MAR23NIEHER,,no,20,17,10,17,0.05,0.04,-1.49,SL: -7c <= -6c | PNL=$-1.49,2026-03-23T09:31:36.084179+00:00,True
2026-03-23T09:56:00.181427,watcher_value_fade,KXATPCHALLENGERMATCH-26MAR23OBRKIR-KIR,KXATPCHALLENGERMATCH-26MAR23OBRKIR,,no,20,17,10,17,0.05,0.04,-1.49,SL: -7c <= -6c | PNL=$-1.49,2026-03-23T09:53:20.695835+00:00,True
2026-03-23T10:18:22.355457,watcher_value_fade,KXATPCHALLENGERMATCH-26MAR23JORDAL-DAL,KXATPCHALLENGERMATCH-26MAR23JORDAL,,no,20,14,26,26,0.05,0.07,2.28,TP: +12c >= +12c | PNL=$2.28,2026-03-23T10:07:08.051374+00:00,True
2026-03-23T11:03:03.269261,watcher_value_fade,KXATPCHALLENGERMATCH-26MAR23PERMOL-MOL,KXATPCHALLENGERMATCH-26MAR23PERMOL,,no,20,17,34,34,0.05,0.08,3.27,TP: +17c >= +12c | PNL=$3.27,2026-03-23T10:58:42.141351+00:00,True
2026-03-23T11:20:20.867236,watcher_value_fade,KXWTACHALLENGERMATCH-26MAR23SALQUE-QUE,KXWTACHALLENGERMATCH-26MAR23SALQUE,,no,20,14,26,26,0.05,0.07,2.28,TP: +12c >= +12c | PNL=$2.28,2026-03-23T11:11:27.348626+00:00,True
2026-03-23T11:49:13.622380,watcher_value_fade,KXWTACHALLENGERMATCH-26MAR23MARERJ-ERJ,KXWTACHALLENGERMATCH-26MAR23MARERJ,,no,20,15,9,16,0.05,0.03,-1.28,SL: -6c <= -6c | PNL=$-1.28,2026-03-23T11:44:42.303981+00:00,True
2026-03-23T13:38:05.833127,watcher_value_fade,KXATPCHALLENGERMATCH-26MAR23BLASAC-SAC,KXATPCHALLENGERMATCH-26MAR23BLASAC,,no,15,16,10,16,0.04,0.03,-0.97,SL: -6c <= -6c | PNL=$-0.97,2026-03-23T13:34:02.518067+00:00,True
2026-03-23T13:42:19.610080,watcher_value_fade,KXWTACHALLENGERMATCH-26MAR23RADCHA-CHA,KXWTACHALLENGERMATCH-26MAR23RADCHA,,no,20,15,9,18,0.05,0.03,-1.28,SL: -6c <= -6c | PNL=$-1.28,2026-03-23T13:34:03.614587+00:00,True
2026-03-23T14:45:34.630467,exit_time_value_fade,KXNBAGAME-26MAR23MILLAC-LAC,KXNBAGAME-26MAR23MILLAC,NBAGAME,no,20,14,13,14,0.0,0.04,-0.24,TIME: 90min > 90min | PNL=$-0.2400,2026-03-23T13:14:49.655106+00:00,True
2026-03-23T14:45:36.055896,exit_time_value_fade,KXNBAGAME-26MAR23TORUTA-TOR,KXNBAGAME-26MAR23TORUTA,NBAGAME,no,20,14,13,14,0.0,0.04,-0.24,TIME: 90min > 90min | PNL=$-0.2400,2026-03-23T13:14:49.524689+00:00,True
2026-03-23T14:47:13.055771,watcher_value_fade,KXATPCHALLENGERMATCH-26MAR23NEDSEL-NED,KXATPCHALLENGERMATCH-26MAR23NEDSEL,,no,20,16,10,16,0.05,0.04,-1.29,SL: -6c <= -6c | PNL=$-1.29,2026-03-23T14:43:09.383480+00:00,True
2026-03-25T20:06:34.058267,watcher_value_fade,KXATPCHALLENGERMATCH-26MAR25VANGOJ-GOJ,KXATPCHALLENGERMATCH-26MAR25VANGOJ,,no,8,12,6,12,0.02,0.01,-0.51,SL: -6c <= -6c | PNL=$-0.51,2026-03-25T20:04:46.774371+00:00,True
2026-03-25T20:16:55.403673,watcher_value_fade,KXATPCHALLENGERMATCH-26MAR25JUSMAR-JUS,KXATPCHALLENGERMATCH-26MAR25JUSMAR,,no,6,15,8,15,0.02,0.01,-0.45,SL: -7c <= -6c | PNL=$-0.45,2026-03-25T20:11:44.012765+00:00,True
2026-03-25T21:32:08.750306,watcher_value_fade,KXATPCHALLENGERMATCH-26MAR25BERSOT-SOT,KXATPCHALLENGERMATCH-26MAR25BERSOT,,no,8,17,31,31,0.02,0.03,1.07,TP: +14c >= +12c | PNL=$1.07,2026-03-25T21:27:18.786062+00:00,True
2026-03-25T21:33:34.104516,watcher_value_fade,KXATPCHALLENGERMATCH-26MAR25MAGPAV-PAV,KXATPCHALLENGERMATCH-26MAR25MAGPAV,,no,10,15,9,20,0.03,0.02,-0.65,SL: -6c <= -6c | PNL=$-0.65,2026-03-25T21:27:17.664181+00:00,True
2026-03-25T21:46:46.649474,watcher_value_fade,KXATPMATCH-26MAR25LANLEH-LEH,KXATPMATCH-26MAR25LANLEH,,no,12,12,6,18,0.03,0.02,-0.77,SL: -6c <= -6c | PNL=$-0.77,2026-03-25T21:14:25.507331+00:00,True
2026-03-25T23:15:01.049039,watcher_value_fade,KXWTAMATCH-26MAR24SABBAP-SAB,KXWTAMATCH-26MAR24SABBAP,,no,15,12,6,12,0.03,0.02,-0.95,SL: -6c <= -6c | PNL=$-0.95,2026-03-25T23:12:06.844565+00:00,True
2026-03-25T23:28:47.461365,watcher_value_fade,KXNBAGAME-26MAR25LALIND-LAL,KXNBAGAME-26MAR25LALIND,,no,13,17,11,18,0.04,0.03,-0.85,SL: -6c <= -6c | PNL=$-0.85,2026-03-25T23:16:45.268701+00:00,True
2026-03-25T23:43:24.557345,watcher_value_fade,KXNBAGAME-26MAR25CHIPHI-PHI,KXNBAGAME-26MAR25CHIPHI,,no,4,15,9,15,0.01,0.01,-0.26,SL: -6c <= -6c | PNL=$-0.26,2026-03-25T23:37:38.158057+00:00,True
2026-03-26T00:17:15.949703,watcher_value_fade,KXNBASPREAD-26MAR25SASMEM-SAS3,KXNBASPREAD-26MAR25SASMEM,,no,12,12,6,13,0.03,0.02,-0.77,SL: -6c <= -6c | PNL=$-0.77,2026-03-25T22:48:49.922722+00:00,True
2026-03-26T00:47:20.854459,watcher_momentum_reversal,KXNBASPREAD-26MAR25LALIND-LAL2,KXNBASPREAD-26MAR25LALIND,,no,8,7,1,12,0.01,0.01,-0.5,SL: -6c <= -6c | PNL=$-0.50,2026-03-25T23:44:32.626335+00:00,True
2026-03-26T01:30:17.230640,watcher_momentum_reversal,KXNBASPREAD-26MAR25SASMEM-SAS9,KXNBASPREAD-26MAR25SASMEM,,no,4,11,3,16,0.01,0.01,-0.34,SL: -8c <= -6c | PNL=$-0.34,2026-03-26T00:19:19.432755+00:00,True
2026-03-26T04:23:48.185573,watcher_value_fade,KXNBASPREAD-26MAR25TORLAC-LAC7,KXNBASPREAD-26MAR25TORLAC,,no,14,15,9,16,0.04,0.03,-0.91,SL: -6c <= -6c | PNL=$-0.91,2026-03-26T04:22:05.819915+00:00,True
2026-03-26T06:27:25.073321,watcher_value_fade,KXATPCHALLENGERMATCH-26MAR24MCCMAT-MAT,KXATPCHALLENGERMATCH-26MAR24MCCMAT,,no,9,12,6,16,0.02,0.01,-0.57,SL: -6c <= -6c | PNL=$-0.57,2026-03-26T06:25:29.031382+00:00,True
2026-03-26T09:41:54.452151,watcher_value_fade,KXWTACHALLENGERMATCH-26MAR26KALBRA-KAL,KXWTACHALLENGERMATCH-26MAR26KALBRA,,no,7,16,8,16,0.02,0.01,-0.59,SL: -8c <= -6c | PNL=$-0.59,2026-03-26T09:39:38.703179+00:00,True
2026-03-26T09:41:54.747578,watcher_value_fade,KXWTACHALLENGERMATCH-26MAR26KALBRA-KAL,KXWTACHALLENGERMATCH-26MAR26KALBRA,,no,7,16,8,16,0.02,0.01,-0.59,SL: -8c <= -6c | PNL=$-0.59,2026-03-26T09:39:41.771227+00:00,True
2026-03-26T17:20:37.458392,watcher_value_fade,KXATPCHALLENGERMATCH-26MAR26NAVROD-NAV,KXATPCHALLENGERMATCH-26MAR26NAVROD,,no,12,16,10,19,0.03,0.02,-0.77,SL: -6c <= -6c | PNL=$-0.77,2026-03-26T17:10:33.582102+00:00,True
2026-03-26T17:46:47.459270,watcher_value_fade,KXMLBGAME-26MAR261315PITNYM-NYM,KXMLBGAME-26MAR261315PITNYM,,no,8,17,8,17,0.02,0.02,-0.76,SL: -9c <= -6c | PNL=$-0.76,2026-03-26T17:46:27.389911+00:00,True
2026-03-26T20:45:08.682053,watcher_value_fade,KXMLBGAME-26MAR261410CWSMIL-MIL,KXMLBGAME-26MAR261410CWSMIL,,no,11,12,1,12,0.03,0.01,-1.25,SL: -11c <= -6c | PNL=$-1.25,2026-03-26T19:28:13.554161+00:00,True
2026-03-26T20:45:09.261989,watcher_value_fade,KXMLBSPREAD-26MAR261410CWSMIL-MIL2,KXMLBSPREAD-26MAR261410CWSMIL,,no,7,17,1,17,0.02,0.01,-1.15,SL: -16c <= -6c | PNL=$-1.15,2026-03-26T19:32:52.677427+00:00,True
2026-03-26T20:45:09.522503,watcher_value_fade,KXMLBSPREAD-26MAR261410CWSMIL-MIL3,KXMLBSPREAD-26MAR261410CWSMIL,,no,9,12,1,12,0.02,0.01,-1.02,SL: -11c <= -6c | PNL=$-1.02,2026-03-26T19:43:25.025583+00:00,True
2026-03-26T20:45:09.964389,watcher_value_fade,KXMLBGAME-26MAR261420WSHCHC-WSH,KXMLBGAME-26MAR261420WSHCHC,,no,6,16,3,16,0.02,0.01,-0.81,SL: -13c <= -6c | PNL=$-0.81,2026-03-26T19:44:34.309503+00:00,True
2026-03-26T20:45:10.793293,watcher_value_fade,KXMLBSPREAD-26MAR261410CWSMIL-MIL4,KXMLBSPREAD-26MAR261410CWSMIL,,no,6,15,1,15,0.02,0.01,-0.87,SL: -14c <= -6c | PNL=$-0.87,2026-03-26T19:48:04.232736+00:00,True
2026-03-26T21:31:53.281030,watcher_value_fade,KXMLBGAME-26MAR261615TEXPHI-PHI,KXMLBGAME-26MAR261615TEXPHI,,no,5,16,10,18,0.02,0.01,-0.33,SL: -6c <= -6c | PNL=$-0.33,2026-03-26T20:53:45.396353+00:00,True
2026-03-26T23:34:48.347409,watcher_value_fade,KXATPMATCH-26MAR26CERZVE-ZVE,KXATPMATCH-26MAR26CERZVE,,no,4,12,6,13,0.01,0.01,-0.26,SL: -6c <= -6c | PNL=$-0.26,2026-03-26T23:25:48.141887+00:00,True
2026-03-27T00:28:46.212439,watcher_value_fade,KXNBAGAME-26MAR26SACORL-ORL,KXNBAGAME-26MAR26SACORL,,no,6,12,5,13,0.02,0.01,-0.45,SL: -7c <= -6c | PNL=$-0.45,2026-03-27T00:01:51.124272+00:00,True
2026-03-27T02:40:36.005318,watcher_value_fade,KXATPCHALLENGERMATCH-26MAR26MATKWON-KWON,KXATPCHALLENGERMATCH-26MAR26MATKWON,,no,13,13,7,17,0.03,0.02,-0.83,SL: -6c <= -6c | PNL=$-0.83,2026-03-27T02:22:15.789118+00:00,True
2026-03-27T04:29:20.692090,watcher_value_fade,KXATPCHALLENGERMATCH-26MAR26SUNUCH-UCH,KXATPCHALLENGERMATCH-26MAR26SUNUCH,,no,9,16,10,16,0.03,0.02,-0.59,SL: -6c <= -6c | PNL=$-0.59,2026-03-27T04:23:42.796931+00:00,True
2026-03-27T04:35:29.157000,watcher_value_fade,KXATPCHALLENGERMATCH-26MAR26SHIWEN-WEN,KXATPCHALLENGERMATCH-26MAR26SHIWEN,,no,9,15,28,28,0.03,0.04,1.1,TP: +13c >= +12c | PNL=$1.10,2026-03-27T04:31:52.557276+00:00,True
2026-03-27T04:42:17.548245,watcher_value_fade,KXMLBGAME-26MAR262210CLESEA-CLE,KXMLBGAME-26MAR262210CLESEA,,no,8,13,6,14,0.02,0.01,-0.59,SL: -7c <= -6c | PNL=$-0.59,2026-03-27T04:39:59.764235+00:00,True
2026-03-27T12:46:43.082362,watcher_value_fade,KXATPCHALLENGERMATCH-26MAR26COUVAS-VAS,KXATPCHALLENGERMATCH-26MAR26COUVAS,,no,9,15,9,22,0.03,0.02,-0.59,SL: -6c <= -6c | PNL=$-0.59,2026-03-27T12:37:49.026829+00:00,True
2026-03-27T13:20:14.117586,watcher_value_fade,KXATPCHALLENGERMATCH-26MAR26MRVCOP-COP,KXATPCHALLENGERMATCH-26MAR26MRVCOP,,no,9,15,28,28,0.03,0.04,1.1,TP: +13c >= +12c | PNL=$1.10,2026-03-27T12:35:25.475604+00:00,True
2026-03-27T15:29:35.095889,watcher_value_fade,KXWTACHALLENGERMATCH-26MAR26LAZLUK-LAZ,KXWTACHALLENGERMATCH-26MAR26LAZLUK,,no,9,17,31,31,0.03,0.04,1.19,TP: +14c >= +12c | PNL=$1.19,2026-03-27T15:08:15.636471+00:00,True
2026-03-27T17:57:23.990597,exit_tp_value_fade,KXWTACHALLENGERMATCH-26MAR27KALHER-KAL,KXWTACHALLENGERMATCH-26MAR27KALHER,TennisCHALLENGERMATCH,no,10,16,28,26,0.03,0.04,1.13,TP: +12c >= +12c | PNL=$1.1300,2026-03-27T17:52:38.772690+00:00,True
2026-03-27T19:16:54.217582,watcher_value_fade,KXATPCHALLENGERMATCH-26MAR27VILSOT-SOT,KXATPCHALLENGERMATCH-26MAR27VILSOT,,no,11,15,9,21,0.03,0.02,-0.71,SL: -6c <= -6c | PNL=$-0.71,2026-03-27T18:43:51.759773+00:00,True
2026-03-27T21:54:59.564487,watcher_value_fade,KXATPCHALLENGERMATCH-26MAR27BARDEL-DEL,KXATPCHALLENGERMATCH-26MAR27BARDEL,,no,14,12,4,19,0.03,0.01,-1.16,SL: -8c <= -6c | PNL=$-1.16,2026-03-27T21:52:28.314555+00:00,True
2026-03-27T22:05:49.472224,watcher_value_fade,KXMLBGAME-26MAR271635NYYSF-NYY,KXMLBGAME-26MAR271635NYYSF,,no,10,14,8,19,0.03,0.02,-0.65,SL: -6c <= -6c | PNL=$-0.65,2026-03-27T22:00:51.708597+00:00,True
2026-03-27T22:24:15.081315,watcher_value_fade,KXMLBSPREAD-26MAR271635NYYSF-NYY2,KXMLBSPREAD-26MAR271635NYYSF,,no,10,13,7,14,0.02,0.02,-0.64,SL: -6c <= -6c | PNL=$-0.64,2026-03-27T22:20:08.919946+00:00,True
2026-03-27T23:01:22.324057,watcher_value_fade,KXMLBSPREAD-26MAR271635NYYSF-NYY3,KXMLBSPREAD-26MAR271635NYYSF,,no,8,16,10,17,0.02,0.02,-0.52,SL: -6c <= -6c | PNL=$-0.52,2026-03-27T22:58:34.145060+00:00,True
2026-03-27T23:37:05.679425,exit_time_value_fade,KXNBASPREAD-26MAR27CHIOKC-OKC5,KXNBASPREAD-26MAR27CHIOKC,NBASPREAD,no,16,12,12,12,0.03,0.03,-0.06,TIME: 90min > 90min | PNL=$-0.0600,2026-03-27T22:06:50.904724+00:00,True
2026-03-27T23:48:50.989921,watcher_value_fade,KXMLBGAME-26MAR271910COLMIA-MIA,KXMLBGAME-26MAR271910COLMIA,,no,8,16,10,17,0.02,0.02,-0.52,SL: -6c <= -6c | PNL=$-0.52,2026-03-27T23:41:51.944663+00:00,True
2026-03-28T00:17:08.018292,watcher_value_fade,KXNBAGAME-26MAR27MIACLE-CLE,KXNBAGAME-26MAR27MIACLE,,no,11,16,8,21,0.03,0.02,-0.93,SL: -8c <= -6c | PNL=$-0.93,2026-03-28T00:06:52.632145+00:00,True
2026-03-28T00:31:09.302942,watcher_value_fade,KXMLBGAME-26MAR271915KCATL-ATL,KXMLBGAME-26MAR271915KCATL,,no,7,17,10,18,0.02,0.02,-0.53,SL: -7c <= -6c | PNL=$-0.53,2026-03-28T00:24:58.664560+00:00,True
2026-03-28T00:55:34.430201,watcher_value_fade,KXMLBSPREAD-26MAR271915KCATL-ATL3,KXMLBSPREAD-26MAR271915KCATL,,no,7,16,28,28,0.02,0.03,0.79,TP: +12c >= +12c | PNL=$0.79,2026-03-28T00:50:14.415368+00:00,True
2026-03-28T01:13:04.391819,watcher_value_fade,KXATPCHALLENGERMATCH-26MAR27GOJMEJ-GOJ,KXATPCHALLENGERMATCH-26MAR27GOJMEJ,,no,9,16,34,34,0.03,0.04,1.55,TP: +18c >= +12c | PNL=$1.55,2026-03-28T00:52:40.601315+00:00,True
2026-03-28T01:27:43.773448,watcher_momentum_reversal,KXNBAGAME-26MAR27NOPTOR-TOR,KXNBAGAME-26MAR27NOPTOR,,no,12,10,4,10,0.02,0.01,-0.75,SL: -6c <= -6c | PNL=$-0.75,2026-03-28T01:25:15.191438+00:00,True
2026-03-28T01:51:09.609945,watcher_value_fade,KXMLBGAME-26MAR271907ATHTOR-TOR,KXMLBGAME-26MAR271907ATHTOR,,no,9,13,7,14,0.02,0.02,-0.58,SL: -6c <= -6c | PNL=$-0.58,2026-03-28T01:49:11.629766+00:00,True
2026-03-28T02:29:24.932150,watcher_value_fade,KXNBASPREAD-26MAR27NOPTOR-TOR6,KXNBASPREAD-26MAR27NOPTOR,,no,8,12,6,12,0.02,0.01,-0.51,SL: -6c <= -6c | PNL=$-0.51,2026-03-28T02:28:34.046321+00:00,True
2026-03-28T02:36:46.169392,watcher_value_fade,KXMLBGAME-26MAR272015LAAHOU-LAA,KXMLBGAME-26MAR272015LAAHOU,,no,10,12,6,15,0.02,0.01,-0.63,SL: -6c <= -6c | PNL=$-0.63,2026-03-28T02:17:49.069100+00:00,True
2026-03-28T03:09:22.113728,watcher_value_fade,KXMLBSPREAD-26MAR272015LAAHOU-LAA3,KXMLBSPREAD-26MAR272015LAAHOU,,no,19,13,4,13,0.04,0.02,-1.77,SL: -9c <= -6c | PNL=$-1.77,2026-03-28T03:06:59.436281+00:00,True
2026-03-28T03:20:45.677536,watcher_value_fade,KXNBAGAME-26MAR27BKNLAL-LAL,KXNBAGAME-26MAR27BKNLAL,,no,20,13,7,13,0.04,0.03,-1.27,SL: -6c <= -6c | PNL=$-1.27,2026-03-28T03:17:52.419896+00:00,True
2026-03-28T03:20:46.087904,watcher_value_fade,KXNBASPREAD-26MAR27BKNLAL-LAL3,KXNBASPREAD-26MAR27BKNLAL,,no,20,16,10,16,0.05,0.04,-1.29,SL: -6c <= -6c | PNL=$-1.29,2026-03-28T03:17:53.502029+00:00,True
2026-03-28T03:25:44.775517,watcher_value_fade,KXNBASPREAD-26MAR27WASGSW-GSW5,KXNBASPREAD-26MAR27WASGSW,,no,14,15,32,32,0.04,0.06,2.28,TP: +17c >= +12c | PNL=$2.28,2026-03-28T03:22:41.492507+00:00,True
2026-03-28T03:26:12.691885,exit_time_value_fade,KXNBAGAME-26MAR28SACATL-ATL,KXNBAGAME-26MAR28SACATL,NBAGAME,no,9,12,10,12,0.02,0.02,-0.22,TIME: 90min > 90min | PNL=$-0.2200,2026-03-28T01:55:12.266668+00:00,True
2026-03-28T03:30:08.876581,watcher_value_fade,KXMLBGAME-26MAR272210AZLAD-LAD,KXMLBGAME-26MAR272210AZLAD,,no,18,13,28,28,0.04,0.07,2.59,TP: +15c >= +12c | PNL=$2.59,2026-03-28T03:14:14.633391+00:00,True
2026-03-28T03:46:53.254707,watcher_value_fade,KXMLBGAME-26MAR272140DETSD-SD,KXMLBGAME-26MAR272140DETSD,,no,10,16,28,28,0.03,0.04,1.13,TP: +12c >= +12c | PNL=$1.13,2026-03-28T03:29:45.559782+00:00,True
2026-03-28T04:00:34.360660,watcher_value_fade,KXMLBGAME-26MAR272140DETSD-DET,KXMLBGAME-26MAR272140DETSD,,no,14,13,3,13,0.03,0.01,-1.44,SL: -10c <= -6c | PNL=$-1.44,2026-03-28T04:00:27.520615+00:00,True
2026-03-28T12:59:03.215742,watcher_value_fade,KXATPCHALLENGERMATCH-26MAR28SAFLLA-LLA,KXATPCHALLENGERMATCH-26MAR28SAFLLA,,no,18,16,10,16,0.05,0.03,-1.16,SL: -6c <= -6c | PNL=$-1.16,2026-03-28T12:51:26.112510+00:00,True
2026-03-28T13:27:23.544812,watcher_value_fade,KXATPCHALLENGERMATCH-26MAR28POLCOP-COP,KXATPCHALLENGERMATCH-26MAR28POLCOP,,no,18,15,8,19,0.05,0.03,-1.34,SL: -7c <= -6c | PNL=$-1.34,2026-03-28T13:16:05.327160+00:00,True
2026-03-28T13:41:24.914639,watcher_value_fade,KXATPCHALLENGERMATCH-26MAR28MEDSAC-MED,KXATPCHALLENGERMATCH-26MAR28MEDSAC,,no,19,15,28,28,0.05,0.07,2.35,TP: +13c >= +12c | PNL=$2.35,2026-03-28T13:20:48.717995+00:00,True
2026-03-28T15:26:20.080517,watcher_value_fade,KXWTAMATCH-26MAR28ARCTOM-TOM,KXWTAMATCH-26MAR28ARCTOM,,no,11,16,10,16,0.03,0.02,-0.71,SL: -6c <= -6c | PNL=$-0.71,2026-03-28T15:24:24.655940+00:00,True
2026-03-28T16:08:14.267210,watcher_value_fade,KXNBAGAME-26MAR30CHISAS-CHI,KXNBAGAME-26MAR30CHISAS,,no,20,12,51,51,0.04,0.09,7.67,TP: +39c >= +12c | PNL=$7.67,2026-03-28T16:08:11.366768+00:00,True
2026-03-28T16:23:26.279811,watcher_value_fade,KXWTAMATCH-26MAR28LEAOKT-OKT,KXWTAMATCH-26MAR28LEAOKT,,no,13,14,7,24,0.03,0.02,-0.96,SL: -7c <= -6c | PNL=$-0.96,2026-03-28T15:50:21.259694+00:00,True
2026-03-28T16:54:02.758224,watcher_value_fade,KXATPMATCH-26MAR28GALTAB-TAB,KXATPMATCH-26MAR28GALTAB,,no,9,17,9,18,0.03,0.02,-0.77,SL: -8c <= -6c | PNL=$-0.77,2026-03-28T16:47:25.336678+00:00,True
2026-03-28T17:06:53.402122,watcher_value_fade,KXWTAMATCH-26MAR28BOLGOR-GOR,KXWTAMATCH-26MAR28BOLGOR,,no,8,16,31,31,0.02,0.03,1.15,TP: +15c >= +12c | PNL=$1.15,2026-03-28T16:45:00.917615+00:00,True
2026-03-28T19:52:38.109973,watcher_value_fade,KXNBASPREAD-26MAR28SASMIL-SAS9,KXNBASPREAD-26MAR28SASMIL,,no,4,12,6,13,0.01,0.01,-0.26,SL: -6c <= -6c | PNL=$-0.26,2026-03-28T19:39:08.572261+00:00,True
2026-03-28T20:44:43.941040,watcher_value_fade,KXATPMATCH-26MAR28DEBGAL-GAL,KXATPMATCH-26MAR28DEBGAL,,no,20,14,7,16,0.05,0.03,-1.48,SL: -7c <= -6c | PNL=$-1.48,2026-03-28T20:39:48.173238+00:00,True
2026-03-28T20:52:10.553593,watcher_value_fade,KXNBASPREAD-26MAR28SASMIL-SAS18,KXNBASPREAD-26MAR28SASMIL,,no,18,16,10,18,0.05,0.03,-1.16,SL: -6c <= -6c | PNL=$-1.16,2026-03-28T20:50:20.435993+00:00,True
2026-03-28T21:16:32.433655,watcher_value_fade,KXMLBSPREAD-26MAR281507ATHTOR-ATH2,KXMLBSPREAD-26MAR281507ATHTOR,,no,19,17,10,17,0.05,0.03,-1.41,SL: -7c <= -6c | PNL=$-1.41,2026-03-28T21:14:47.827018+00:00,True
2026-03-28T21:17:17.987792,watcher_value_fade,KXMLBGAME-26MAR281610BOSCIN-CIN,KXMLBGAME-26MAR281610BOSCIN,,no,20,13,26,26,0.04,0.07,2.49,TP: +13c >= +12c | PNL=$2.49,2026-03-28T21:05:27.456539+00:00,True
2026-03-28T21:31:43.545276,watcher_value_fade,KXMLBGAME-26MAR281507ATHTOR-ATH,KXMLBGAME-26MAR281507ATHTOR,,no,20,12,6,13,0.04,0.02,-1.26,SL: -6c <= -6c | PNL=$-1.26,2026-03-28T21:27:49.263228+00:00,True
2026-03-28T21:50:33.868565,watcher_value_fade,KXMLBGAME-26MAR281605TEXPHI-TEX,KXMLBGAME-26MAR281605TEXPHI,,no,20,17,11,25,0.05,0.04,-1.29,SL: -6c <= -6c | PNL=$-1.29,2026-03-28T21:18:22.967836+00:00,True
2026-03-28T22:10:52.633269,watcher_value_fade,KXMLBSPREAD-26MAR281605TEXPHI-TEX2,KXMLBSPREAD-26MAR281605TEXPHI,,no,18,17,10,17,0.05,0.03,-1.34,SL: -7c <= -6c | PNL=$-1.34,2026-03-28T22:07:53.971605+00:00,True
2026-03-28T22:11:48.606604,watcher_value_fade,KXNBA1HWINNER-26MAR28DETMIN-DET,KXNBA1HWINNER-26MAR28DETMIN,,no,20,15,6,16,0.05,0.02,-1.87,SL: -9c <= -6c | PNL=$-1.87,2026-03-28T22:09:06.795752+00:00,True
2026-03-28T22:13:34.734381,watcher_value_fade,KXATPMATCH-26MAR28DOSAND-AND,KXATPMATCH-26MAR28DOSAND,,no,20,12,6,20,0.04,0.02,-1.26,SL: -6c <= -6c | PNL=$-1.26,2026-03-28T21:50:15.680110+00:00,True
2026-03-28T22:34:03.544683,watcher_value_fade,KXMLBGAME-26MAR281605MINBAL-MIN,KXMLBGAME-26MAR281605MINBAL,,no,20,12,6,13,0.04,0.02,-1.26,SL: -6c <= -6c | PNL=$-1.26,2026-03-28T22:29:20.974695+00:00,True
2026-03-28T22:41:24.494656,watcher_value_fade,KXMLBGAME-26MAR281610COLMIA-MIA,KXMLBGAME-26MAR281610COLMIA,,no,20,12,6,12,0.04,0.02,-1.26,SL: -6c <= -6c | PNL=$-1.26,2026-03-28T22:41:10.548301+00:00,True
2026-03-28T22:45:48.103734,watcher_value_fade,KXMLBGAME-26MAR281507ATHTOR-TOR,KXMLBGAME-26MAR281507ATHTOR,,no,17,17,10,28,0.05,0.03,-1.27,SL: -7c <= -6c | PNL=$-1.27,2026-03-28T22:41:11.730002+00:00,True
2026-03-28T23:27:27.168591,watcher_value_fade,KXNBASPREAD-26MAR28DETMIN-DET3,KXNBASPREAD-26MAR28DETMIN,,no,20,15,8,15,0.05,0.03,-1.48,SL: -7c <= -6c | PNL=$-1.48,2026-03-28T23:24:38.809032+00:00,True
2026-03-29T00:28:40.682897,watcher_value_fade,KXMLBGAME-26MAR281910LAAHOU-LAA,KXMLBGAME-26MAR281910LAAHOU,,no,14,17,11,17,0.04,0.03,-0.91,SL: -6c <= -6c | PNL=$-0.91,2026-03-29T00:23:19.590732+00:00,True
2026-03-29T00:41:37.126598,watcher_value_fade,KXMLBSPREAD-26MAR281910LAAHOU-LAA2,KXMLBSPREAD-26MAR281910LAAHOU,,no,20,12,6,13,0.04,0.02,-1.26,SL: -6c <= -6c | PNL=$-1.26,2026-03-29T00:40:55.168103+00:00,True
2026-03-29T01:03:13.672063,watcher_value_fade,KXMLBGAME-26MAR281915NYYSF-NYY,KXMLBGAME-26MAR281915NYYSF,,no,16,16,28,28,0.04,0.06,1.82,TP: +12c >= +12c | PNL=$1.82,2026-03-29T00:46:45.463345+00:00,True
2026-03-29T01:11:48.540668,watcher_value_fade,KXNBASPREAD-26MAR28SACATL-ATL4,KXNBASPREAD-26MAR28SACATL,,no,20,12,6,12,0.04,0.02,-1.26,SL: -6c <= -6c | PNL=$-1.26,2026-03-29T00:38:33.575337+00:00,True
2026-03-29T01:24:17.199885,watcher_value_fade,KXMLBGAME-26MAR281915KCATL-KC,KXMLBGAME-26MAR281915KCATL,,no,20,16,10,23,0.05,0.04,-1.29,SL: -6c <= -6c | PNL=$-1.29,2026-03-29T01:21:43.378357+00:00,True
2026-03-29T01:50:55.118093,watcher_value_fade,KXMLBSPREAD-26MAR281910CWSMIL-MIL4,KXMLBSPREAD-26MAR281910CWSMIL,,no,19,14,6,14,0.05,0.02,-1.59,SL: -8c <= -6c | PNL=$-1.59,2026-03-29T01:47:20.914510+00:00,True
2026-03-29T01:54:32.933066,watcher_value_fade,KXMLBSPREAD-26MAR281910LAAHOU-HOU4,KXMLBSPREAD-26MAR281910LAAHOU,,no,16,15,28,28,0.04,0.06,1.98,TP: +13c >= +12c | PNL=$1.98,2026-03-29T01:53:12.474366+00:00,True
2026-03-29T02:03:04.122743,watcher_value_fade,KXMLBGAME-26MAR282040DETSD-SD,KXMLBGAME-26MAR282040DETSD,,no,16,16,10,17,0.04,0.03,-1.03,SL: -6c <= -6c | PNL=$-1.03,2026-03-29T01:56:46.912361+00:00,True
2026-03-29T02:31:33.965572,watcher_value_fade,KXMLBSPREAD-26MAR282040DETSD-SD2,KXMLBSPREAD-26MAR282040DETSD,,no,14,17,6,21,0.04,0.02,-1.6,SL: -11c <= -6c | PNL=$-1.60,2026-03-29T02:22:27.014637+00:00,True
2026-03-29T03:17:20.637604,watcher_value_fade,KXWTAMATCH-26MAR28BURHIG-BUR,KXWTAMATCH-26MAR28BURHIG,,no,15,14,28,28,0.04,0.06,2.0,TP: +14c >= +12c | PNL=$2.00,2026-03-29T03:10:48.385377+00:00,True
2026-03-29T03:23:30.462700,watcher_value_fade,KXMLBGAME-26MAR282140CLESEA-SEA,KXMLBGAME-26MAR282140CLESEA,,no,16,14,36,36,0.04,0.07,3.41,TP: +22c >= +12c | PNL=$3.41,2026-03-29T02:42:07.138057+00:00,True
2026-03-29T03:23:32.936367,watcher_value_fade,KXNBASPREAD-26MAR28UTAPHX-PHX20,KXNBASPREAD-26MAR28UTAPHX,,no,15,16,9,17,0.04,0.03,-1.12,SL: -7c <= -6c | PNL=$-1.12,2026-03-29T03:03:32.159471+00:00,True
2026-03-29T03:27:46.861811,watcher_value_fade,KXATPCHALLENGERMATCH-26MAR28NAKTAK-TAK,KXATPCHALLENGERMATCH-26MAR28NAKTAK,,no,17,15,8,15,0.04,0.03,-1.26,SL: -7c <= -6c | PNL=$-1.26,2026-03-29T03:27:24.322502+00:00,True
